{"type":"FeatureCollection","features":[{"type":"Feature","id":0,"geometry":{"type":"Polygon","coordinates":[[[22.607362369577345,1.8553205778292527],[22.987040432569263,1.4635946737507792],[23.142244293116658,-1.3283112315327785],[23.096624178198926,-1.4206721073494037],[22.953384770613173,-1.772564000169006],[23.378616799487695,-2.2698925363278537],[23.72743671694303,-2.40444327251654],[23.866749828045364,-2.4324793083348872],[23.868935656965544,-2.4326621444824674],[23.932621685733373,-2.4578989822887842],[24.245993931966424,-2.52366678798488],[24.358662472290924,-2.620086732857002],[24.405693162802983,-2.6478543065988718],[24.567251578590728,-2.6764892627739427],[24.624347057681227,-2.724600771368142],[24.701166745781062,-2.952323761584763],[24.68531916787834,-3.044051016102043],[24.55967045550752,-3.1772951630737905],[24.527589050394514,-3.1931343670175045],[24.506463306001955,-3.2147565900502806],[24.39034154334494,-3.376485965179895],[23.601327497557524,-6.37301859199818],[23.503171256111077,-8.039944671761688],[23.74888044237168,-8.008676569920075],[24.999274221850285,-7.555397514682401],[25.56404196517611,-7.515954835927348],[26.541248174433616,-7.545809392805765],[28.970293563934558,-8.791232533938407],[29.218450933943437,-9.032012522136446],[29.95452282037952,-9.778153069407344],[30.050382011067402,-9.798859130608736],[30.34021808497911,-9.82803067162147],[31.482434684696,-10.555192962900733],[31.48709595386378,-10.55914165640841],[31.577928569642737,-10.689466218627278],[32.176626912001204,-10.925058940876788],[32.46939105349168,-11.031177299739175],[32.983619643137345,-11.396826558474814],[33.240444817869545,-11.75296357010747],[33.45082106818093,-11.984886561385858],[33.520458975064194,-12.201020375044454],[33.54295430708744,-12.224690870881812],[33.649180210996654,-12.406535611942772],[39.192427840378144,-15.75115670518291],[39.3382800110452,-16.147357947578218],[39.376887208643424,-16.247775080881215],[39.63469983727994,-17.611423004906477],[40.55815427461059,-18.866632682908488],[40.788346662830264,-19.196603570818226],[44.79185062970094,-16.308663941105806],[47.16680688635199,-14.595482101104494],[47.266733972644445,-14.523399396810028],[47.61391490160545,-14.25319834429529],[47.697600273710975,-14.180643303757154],[48.13422156879634,-13.731526573338297],[48.17252449398077,-13.692127476871995],[49.04444342617453,-12.641325437349018],[50.061273397529945,-11.415882373439368],[50.59576010226225,-11.15778394018384],[53.025915354659276,-9.984285595588899],[54.06719305668894,-9.481462716931187],[57.98098342039378,-7.591531401485788],[57.150896997995936,-5.858203277041512],[57.0253037529074,-5.4315584022602925],[56.78548693831981,-4.917489155777674],[56.71240534024645,-4.738973800234102],[56.43688624485353,-4.079121141441846],[55.63691312357408,-2.220317462898658],[54.95243471411808,-0.726578331983843],[54.769226221167216,-0.5698297474104894],[54.503773530796195,-0.34883933409340795],[52.66455270012281,0.4257650132516966],[52.16638481610371,0.6458317629285173],[50.957526598702174,0.45764892808515967],[50.38627976643648,0.45958405710755335],[49.99991634398972,0.2393134228190359],[49.98654934990052,0.23310022577493728],[49.58163901045218,0.14229004320562066],[49.41503073589576,0.147695210623231],[49.11073435271017,0.14322570040617544],[48.56775638603307,0.21912052704546903],[48.56112116656973,0.2204076950018572],[47.88562001805433,0.3338076022401153],[47.47080259016164,0.3157165985399579],[46.875774212359026,0.7968191337925286],[46.06483068539531,1.0093942689041064],[45.83973672516001,1.020147545084461],[45.651749001100285,1.0036616517297139],[45.51576610978792,1.0813856658126313],[45.40378682848757,1.1356164895131529],[45.361925132005034,1.1518255598406837],[44.25238390519944,1.3153188064533576],[43.924643917475706,1.4092870632764443],[42.8849164720558,3.080829665339249],[42.30427336864779,3.3971135516250137],[41.479521278774826,3.8791696994793137],[41.227664978669445,3.6048534089861137],[41.053307066475,3.427529314308943],[40.53526647910439,2.8710888895860083],[40.118241521989326,2.5873446185234217],[39.66634975993575,2.120714167978256],[38.63028495218789,2.0031310093618284],[38.177593696382424,1.9614571438952757],[37.8940094441585,1.9407275765447645],[37.72193069424363,1.9211902519048194],[36.91991302269205,1.5440937459087678],[35.98830543324241,1.0045896517835473],[35.95937612890763,1.0047569616451582],[34.72138240801755,0.24436588328473907],[34.083824303440394,0.10142183600283605],[33.237133176840516,-0.171162327922195],[33.18467786366088,-0.17341617799053832],[32.66708442462973,0.020280448012398367],[31.80375718563194,-0.07997937634039243],[31.074983126378687,0.08528483269920284],[30.919034982525357,0.07487795450018209],[30.628524497340678,0.07994832868168888],[30.365077933937513,0.1617393075199065],[29.595920207144424,0.3674910008403307],[28.978489130604434,0.7136797048441597],[28.09430467954849,0.7318698243298962],[27.90174480048075,0.8140637301993858],[27.508989019230814,0.9569832368346263],[26.863904623531646,1.1355435537292844],[26.8358759782771,1.390700974214594],[26.610647920832378,2.5928322803069355],[26.573980932419477,2.6761068711965708],[25.309543936509925,3.1163252675413404],[23.842762128202125,2.7481472147088386],[22.607362369577345,1.8553205778292527]]]},"properties":{"fill":"#516ebc"}},{"type":"Feature","id":1,"geometry":{"type":"Polygon","coordinates":[[[-16.912829759974095,7.4414928022839755],[-16.298846780446247,6.649178501274958],[-15.329221054297594,5.477291517404629],[-15.280958423681339,5.454394040322699],[-14.021020438018944,3.563902229702859],[-13.584142107953161,3.1172369923233783],[-12.38999684332503,1.6463818442776121],[-12.37293043573594,1.626796745885413],[-12.330453153247369,1.584476711931896],[-11.825113656678617,1.2056290208097908],[-11.359673548848862,1.04993456502006],[-10.951385030066199,0.8083737879306747],[-9.77237953255677,1.0266276282093771],[-9.556964057830145,0.8908393144455885],[-9.471876214429626,0.8095646771672754],[-8.633510377714023,0.24035310411412314],[-8.530231780135228,0.18913248189104892],[-8.207099642282445,-0.10603258840427698],[-7.969018992881553,-0.259836811023068],[-7.823013796951718,-0.3855779372914392],[-7.549778193737679,-0.433213151135591],[-7.119637099995989,-0.6030934945029396],[-6.989793045194682,-0.7020024340037994],[-6.802843829243107,-0.8625717897935348],[-6.650785787056176,-1.0229106061915663],[-6.384627775383674,-1.205465453956453],[-5.495381157160321,-2.1951796983559744],[-5.41550202207532,-2.3406705148763978],[-4.869709886097139,-3.044335213544046],[-4.762951161345103,-3.204190946692212],[-4.024530840662985,-4.903568233762881],[-3.3533850043101547,-7.18268172058972],[-3.110513865947145,-7.943928125541747],[-3.034829031739674,-8.235923993529662],[-2.5031554183320393,-9.61086394808999],[-1.9286486773644187,-9.364850878861255],[1.8272284772042233,-7.756523594684789],[3.1610982686297993,-7.185338997638268],[3.7703690467507807,-6.924439405991229],[4.017789092255376,-6.916846509468328],[4.70668480047307,-6.862648720810041],[5.42785747937088,-6.805911592140511],[6.0599160118396265,-6.7106306624116],[6.8703714285003885,-6.528947430074327],[8.298266968470665,-8.284677875915103],[12.05323486411327,-12.901760339574608],[12.32376784799499,-12.681928992483272],[13.036237807265358,-12.196355243929768],[14.106830240067026,-11.116439941037724],[15.361106707059133,-9.954689422033645],[15.95558477003663,-7.10396675397395],[16.098551990642626,-5.185168479469212],[16.179532026850964,-3.345640560490775],[16.18398288126109,-3.208967204713862],[16.179486715276,-3.1969481599712104],[16.191578871260543,-3.0946541098632263],[16.416478877288696,-1.063271950056572],[16.536216214014377,0.14317050597427894],[16.69669908090812,1.121989481150539],[16.696199508329038,1.145854500529645],[16.984268134204502,2.3998779229860396],[17.050724366800143,2.473511590451959],[17.412247507583054,2.7533643109176578],[17.67662132072989,2.823111654666032],[17.757658521672365,2.8507997273310623],[17.89108843420201,2.9525910771767925],[18.101975547304647,3.31947229706539],[18.34431090580051,3.48229816260597],[18.483914944251776,3.547689427364989],[18.491714477058594,3.630554025324684],[18.344359194691187,4.164490342892011],[18.344249384473134,4.170685560188505],[18.33749840427453,4.190519524997637],[18.324175210059916,4.2175368280613155],[18.05458290114827,4.528960018494246],[17.976943517568774,4.564824701759213],[17.89133582175253,4.653950480796858],[17.97032020526539,4.901031595382233],[17.98103644755615,4.915552552637531],[18.036285993306006,5.012176903370424],[18.251663885856665,5.163137199529146],[18.41936724947373,5.206677563265806],[18.483335503152833,5.234485826865908],[18.655661271797715,5.278146139649226],[18.75837180168557,5.3194689042021945],[19.100981685383037,5.55164746849068],[19.861772471353824,6.11147707094313],[20.2840768998813,6.396076751960276],[20.270332182247337,6.504207891516781],[20.24591154101076,6.529512725270314],[20.06784647614389,6.704873478524179],[19.81831997356761,6.888367996666034],[19.195191289432856,7.4200664394044065],[19.096468817092358,7.520462348697746],[18.48084744153434,7.9855368370977144],[17.549629577505552,8.81141493281656],[17.471842621871332,8.89371042041186],[18.19255099052486,10.690413263886155],[18.514632519213684,11.542783635946867],[18.502201732672347,11.98638029067884],[21.50657668346518,12.290619932377943],[22.433418193750107,14.371302196903304],[22.11792667844886,15.285076465909224],[21.962997645276396,15.609042208362272],[21.85622505714474,15.821869888100462],[19.950050961832215,14.778488091876644],[19.888632590769678,14.743070496124549],[19.423068409950442,14.30846978630428],[18.62687328555951,13.500920259529043],[18.043627924318738,12.837857939289158],[16.303306225713122,13.690563364317285],[16.225178175416485,13.724192739201106],[13.720155715592949,11.944662159815252],[13.044989941163085,11.4145736893178],[11.622081148137262,12.394706634498677],[10.964903463816224,12.796624996803667],[10.757082093093087,12.974723443615341],[10.374644153146429,13.146055892599076],[10.120674429065344,13.232059044310086],[9.679238765805735,13.42684395649087],[9.64507127909952,13.448415153848792],[8.477412285278376,14.357270289637732],[8.469250640357846,14.361647620393049],[8.238200796883117,14.482562641281943],[6.711220125289053,16.713440169245803],[5.479125861965361,17.66587456020441],[4.8071574092661375,18.11307986571225],[4.442890708806681,18.39995533524007],[4.3161674554200165,18.516986648083908],[3.9691580885519637,18.833942618480123],[3.3133209647424477,19.474771553909747],[1.5598035739702314,21.11605176164663],[0.3968882526269404,18.91140109913826],[-0.2287630985183906,17.203211303852363],[-0.79278876531927,15.505208319218953],[-0.8360068388804525,15.422326103417786],[-1.3745525645372494,14.320093933392602],[-1.9306122617449732,12.97135632377606],[-2.1056416040982704,12.35416387357697],[-2.129511244218536,12.249143081502012],[-2.157741926822181,12.165499796388334],[-2.2069201944611625,12.04354157771684],[-2.280622248602378,11.991429720016807],[-3.1649092159216243,11.492393400107154],[-4.302246674348685,11.129440372839735],[-5.059249263422397,10.944743428933329],[-5.222171889352499,10.877793760432287],[-5.343476632494856,10.695937053371079],[-5.345221282994206,10.694468132019805],[-6.715505490955212,9.325575348259857],[-6.811711423724257,9.263345394607574],[-7.438557676429063,8.745918456770704],[-7.673321882125726,8.700947511515766],[-8.133609883699933,8.544242136747163],[-8.257591229530712,8.473918184352346],[-8.298458145643568,8.403415104262638],[-8.531701164672276,8.174511312058893],[-8.889399192594283,8.186500261484635],[-9.069318161523801,8.176190845552581],[-9.260988212674928,8.126961171986368],[-9.702810671836959,8.224854363723514],[-10.142685851642408,7.855031105884216],[-10.230119253496053,7.765827787880972],[-10.374539926600262,7.874963426174217],[-10.7638576534855,8.07444707293617],[-10.909060736553599,8.159077740806481],[-11.19305472291422,8.258808480752261],[-11.432753444074415,8.322404729490438],[-11.56321981029246,8.364395599585475],[-11.684431059384314,8.395387818810176],[-15.041933233200652,8.905107704276576],[-15.061618256287822,8.890824754912579],[-16.542242221364866,7.737980051325658],[-16.912829759974095,7.4414928022839755]]]},"properties":{"fill":"#516ebc"}},{"type":"Feature","id":2,"geometry":{"type":"Polygon","coordinates":[[[-33.108780681023255,33.70927356492699],[-32.02392231795199,26.47580877662898],[-31.64735030678922,23.964955308814993],[-31.64804002692902,23.95338987632462],[-31.64642958807159,23.907157162204108],[-31.62256184242093,23.221958431263264],[-31.461529675447316,22.49576040542236],[-31.170792416848485,21.795135576664894],[-30.940630814216554,21.348012332151793],[-30.804598849402367,21.1299989255726],[-30.683812012785598,20.936418322978817],[-31.19931818551363,15.588684320741804],[-31.519443880236643,12.267779250681272],[-30.190796159378728,11.783603488099601],[-29.96045899696806,11.718859578369763],[-29.86285687257453,11.693704640494492],[-28.845082670699572,11.57516335076236],[-25.425402131771484,9.859854048973132],[-24.71456590915212,9.874570301516371],[-24.39309312678589,10.133179609792997],[-20.570620297140636,13.291218591054339],[-19.264719548021326,14.304715601321623],[-18.515860553345934,14.914050605224535],[-18.275976236005597,15.053577760949397],[-16.261435349641413,14.65143764891809],[-15.793410509768362,14.497073248497788],[-15.697203045934858,14.438732966529978],[-15.387533760634367,14.13931361796084],[-15.199640065471959,14.057506968498378],[-15.098003343010584,13.973239273600928],[-14.574061015786555,13.729357499528625],[-14.431685466055765,13.611073491686465],[-14.40266196467985,13.553309295078387],[-14.148728531922144,13.279590443514477],[-13.743161980232596,12.568276550323906],[-13.616906564624964,12.071333030182105],[-13.585274274873873,11.900794840142712],[-13.312503667081147,10.91245638434699],[-12.973520303788455,11.252263140583203],[-12.22698896009366,11.69624903086674],[-11.945539599132358,11.816347407613613],[-11.777371874477268,11.92278356090852],[-11.64037103966147,12.05828586277046],[-11.047714461323487,12.497121020687144],[-10.778178810395623,12.584771222890016],[-10.605393093612326,12.564316206834283],[-10.40540649785297,12.58414616810043],[-10.229330136654442,12.533453823117325],[-10.011030086580325,12.392661800167549],[-9.88986586315932,12.33670450397988],[-9.840720334736933,12.39826180469639],[-9.438491703262246,12.65954687133478],[-9.348161781947923,12.657051728850098],[-9.201922810273098,12.620931249568013],[-9.194023509996173,12.615512211025298],[-8.736128336565855,12.615345413659583],[-8.736749658088433,12.777291282414678],[-8.737446118464392,12.78048561710073],[-8.46468965793504,13.157604456694962],[-8.427978486401612,13.225122299944488],[-7.9824224584950745,13.000179241686407],[-7.941551415615569,12.945564460976637],[-7.8783176182740124,12.906166607014296],[-7.60332565942251,12.689280730936373],[-7.3396539535543885,12.42964439640985],[-7.134948684560262,12.157972496891714],[-5.706673682045232,11.035848987415436],[-5.222171889352499,10.877793760432287],[-5.059249263422397,10.944743428933329],[-4.302246674348685,11.129440372839735],[-3.1649092159216243,11.492393400107154],[-2.280622248602378,11.991429720016807],[-2.2069201944611625,12.04354157771684],[-2.157741926822181,12.165499796388334],[-2.129511244218536,12.249143081502012],[-2.1056416040982704,12.35416387357697],[-1.9306122617449732,12.97135632377606],[-1.3745525645372494,14.320093933392602],[-0.8360068388804525,15.422326103417786],[-0.79278876531927,15.505208319218953],[-0.2287630985183906,17.203211303852363],[0.3968882526269404,18.91140109913826],[1.5598035739702314,21.11605176164663],[1.4439067755502357,22.105874968453946],[1.6434890597131493,27.276030450798384],[0.6624780518868958,27.571291210605537],[-4.39507415308883,29.09349299518525],[-9.89505580745361,30.748855421537097],[-11.469720352549668,32.5623256977611],[-13.223724081669895,34.58233283963243],[-15.962690173567404,37.73667679861104],[-17.513049744926015,39.522156130621234],[-17.609919501495433,39.4621518490093],[-18.298502684071398,39.04619307582634],[-18.41059049040382,38.97950538309142],[-25.265076922164386,34.86471640548977],[-25.870774646867524,34.51943235843079],[-28.875611515510098,34.18181382263833],[-31.119419878490575,33.911481361445794],[-33.108780681023255,33.70927356492699]]]},"properties":{"fill":"#00529c"}},{"type":"Feature","id":3,"geometry":{"type":"Polygon","coordinates":[[[17.471842621871332,8.89371042041186],[17.549629577505552,8.81141493281656],[18.48084744153434,7.9855368370977144],[19.096468817092358,7.520462348697746],[19.195191289432856,7.4200664394044065],[19.81831997356761,6.888367996666034],[20.06784647614389,6.704873478524179],[20.24591154101076,6.529512725270314],[20.270332182247337,6.504207891516781],[20.2840768998813,6.396076751960276],[20.401486653990233,6.143033394325885],[20.673167822846594,5.53773776330903],[20.724204676444266,5.428231260319314],[20.79112368810605,5.29864205608945],[21.56414745729405,4.167554375496494],[21.60769006253389,3.59892464785847],[22.190022413634555,2.0056062617360695],[22.607362369577345,1.8553205778292527],[23.842762128202125,2.7481472147088386],[25.309543936509925,3.1163252675413404],[26.573980932419477,2.6761068711965708],[26.610647920832378,2.5928322803069355],[26.8358759782771,1.390700974214594],[26.863904623531646,1.1355435537292844],[27.508989019230814,0.9569832368346263],[27.90174480048075,0.8140637301993858],[28.09430467954849,0.7318698243298962],[28.978489130604434,0.7136797048441597],[29.595920207144424,0.3674910008403307],[30.365077933937513,0.1617393075199065],[30.628524497340678,0.07994832868168888],[30.919034982525357,0.07487795450018209],[31.074983126378687,0.08528483269920284],[31.80375718563194,-0.07997937634039243],[32.66708442462973,0.020280448012398367],[32.650918662873,1.0374058777043516],[32.37105549687507,2.166135701165741],[32.27606223067624,2.338247621277281],[32.1720048898969,2.4844534062344468],[31.739304871262657,2.7123636225955976],[31.71988342221082,2.724596896234443],[31.611119795908767,2.889055505347288],[31.6415749471373,3.0278494490307817],[31.83652877289913,3.3260026633725865],[32.35446171957559,3.5612879776932513],[32.45370172822258,3.753940466740307],[32.48075398299119,3.8679145176607936],[32.480998100270845,3.8949417404447524],[32.668709626072356,4.430485746453557],[32.66879273413413,4.430695663384501],[32.815339233783355,4.4838430965184],[32.952254877151404,4.523619374513352],[32.984847971217995,4.531090949134213],[33.344521780846215,4.717992306004395],[33.94483660124014,5.118693269743195],[34.211410064068524,5.280463170668243],[34.751357606062655,5.6224975474971846],[35.02463498147911,6.166609800818712],[35.22116545300655,6.924681099604372],[35.36446664071739,7.275119335031216],[36.273586855246684,7.711518950334032],[36.78295533523043,7.995856828457346],[36.89651805386356,8.088811888263582],[37.2464218041953,8.362925594608102],[41.77563123952741,10.990464250162665],[43.31604709644175,13.456281135864199],[43.448599554623335,14.686630132214228],[43.712662618720415,16.64512676759781],[42.07434774962067,17.161755554833746],[35.28588969729666,19.302438592582984],[34.22249765618168,20.09181262576841],[33.379479116303784,20.71759965364174],[32.689853227994355,21.13666138918262],[28.11817900913473,23.35167254647544],[26.77239166894051,20.41264975513155],[26.377557168433253,19.518806114060805],[23.86083636822894,18.388322587427282],[23.48523255197449,18.23849148360308],[23.381858819149237,18.194847104807536],[22.116203633986224,17.146047178551942],[21.997205922250455,16.50158920819068],[21.85622505714474,15.821869888100462],[21.962997645276396,15.609042208362272],[22.11792667844886,15.285076465909224],[22.433418193750107,14.371302196903304],[21.50657668346518,12.290619932377943],[18.502201732672347,11.98638029067884],[18.514632519213684,11.542783635946867],[18.19255099052486,10.690413263886155],[17.471842621871332,8.89371042041186]]]},"properties":{"fill":"#153477"}},{"type":"Feature","id":4,"geometry":{"type":"Polygon","coordinates":[[[-39.57508615819343,-31.782041638263767],[-39.469628035813265,-36.89342665681454],[-38.057194771281075,-37.244831478271564],[-37.93378777048249,-37.2680828852918],[-32.29062562990093,-39.73225593837964],[-32.132252866837106,-39.753209327422354],[-31.0077602798833,-39.512472571160764],[-30.765290194856934,-39.38854740087295],[-29.527327426512397,-39.158676439006186],[-29.499123142632435,-39.128039235475875],[-29.164313618139413,-38.809237890045736],[-28.645045121425955,-38.43905957675795],[-28.512326647454362,-38.280867115776836],[-28.38658053211382,-38.01458646438651],[-28.133348021888853,-37.77023551175493],[-27.890665047228744,-37.49108389292271],[-27.173192404771054,-36.80905984331327],[-26.787641347501683,-36.58331796922623],[-26.737659878779038,-36.611383544243516],[-25.4079685360507,-37.29905545967024],[-25.358814476401538,-37.31505073886883],[-24.532708233107673,-37.6177575927189],[-23.7390207307363,-37.71268809219066],[-21.88551716398072,-37.39174310094081],[-21.60529808396681,-37.3144149565851],[-21.04522822776149,-37.63269462777965],[-19.29972764936656,-39.19881423672627],[-17.443613909901202,-40.84051328523054],[-16.880025177044505,-41.4605120185031],[-16.159430061874236,-42.41065763909948],[-16.082313802869674,-42.51142998711223],[-15.067930098338355,-41.51312089281708],[-10.907978162385952,-37.41909036872581],[-10.426979530985339,-36.76447216781842],[-9.728325515343933,-35.55055160476311],[-11.703152443920802,-34.35546571776604],[-11.722808828636914,-34.345056570924164],[-11.884853643080746,-34.21624365439363],[-12.62027888280377,-33.70367521928725],[-12.878948283939234,-33.51664203130943],[-13.294699179819904,-33.202428498796415],[-14.420552516021594,-32.43855835926455],[-14.554568606326233,-32.34089088871143],[-14.814438841479362,-32.094516356098815],[-14.89934138358479,-31.948526145848767],[-15.063730875185655,-31.73161595971503],[-15.672099724293574,-30.64589217701751],[-15.684922117901372,-30.5081605214774],[-15.711248122969094,-29.387669434939387],[-15.753352584649942,-28.832004280133432],[-15.449243790301983,-28.322331166115426],[-15.272007141159492,-28.014278601067527],[-14.840160675576838,-27.30099805405662],[-12.939028176773416,-24.079439007098998],[-12.333226751693445,-23.03592309287068],[-14.093895822723237,-22.788701143308483],[-14.75839291434923,-22.71000548090604],[-14.912615188152781,-22.692401160997413],[-16.385783425259028,-22.492712902016034],[-17.731004423208,-20.806721210421557],[-17.85727064264417,-20.65366999212937],[-19.115638771927408,-19.085874301981335],[-19.22793176588383,-18.638762743151407],[-19.154554931763794,-17.60907414252939],[-19.05820496929413,-16.994044136415404],[-18.93640289349846,-16.55098798750733],[-18.90871651397993,-16.51807575865203],[-18.783025737809826,-16.360152271517517],[-18.620347838319272,-16.14574370060217],[-18.485820037906542,-15.992802603407064],[-18.37403272664178,-15.93195395406903],[-17.618464886397117,-15.600040610866776],[-17.449886950474884,-15.56004393259691],[-17.44675923790393,-15.55918937882044],[-16.00235535766064,-14.908676019652999],[-16.15010409568179,-14.817412014399304],[-17.96584336065044,-13.531825484874474],[-18.085971901530606,-13.41878427132649],[-17.998778309673046,-12.831114056747914],[-18.009669395182524,-12.771538031361967],[-18.135016153426236,-11.925143951897516],[-18.24697393067306,-11.732444897011998],[-18.614652541879575,-10.666345517902219],[-18.82103318257464,-10.1854891810313],[-20.510199026301407,-10.30790636653745],[-20.617559268982287,-10.328421693135397],[-21.254860162275754,-10.401972388269314],[-22.270812869235957,-10.553184512664984],[-22.346713463550913,-10.563667145418297],[-24.059703580991982,-9.430238733824378],[-25.013523504256145,-9.582698235007372],[-25.787613225311663,-9.691940704043663],[-26.116298780269624,-9.83830919741258],[-26.726889584921835,-10.209864408959621],[-27.789855759020337,-10.88773413667826],[-27.986943042327333,-10.974915609504912],[-29.08427534963146,-11.17064735999034],[-30.15956731555346,-11.326483862319316],[-30.245648849414547,-11.325943941364212],[-30.558480108826984,-11.525512025963522],[-32.086498484009404,-12.437610028796925],[-33.00452279532023,-13.006263453468929],[-33.23619306029296,-13.298249116415231],[-33.89784001716956,-14.108884923004927],[-35.10967277889457,-15.876885093449161],[-34.796682584311576,-16.131548494312995],[-33.420243596495474,-17.177568233854217],[-32.64499870665969,-17.70876667173434],[-32.50918745770968,-17.80444360968783],[-30.74567780252625,-18.93559066783651],[-31.095063562637154,-20.796959840053372],[-31.187369865342475,-21.351880518424377],[-30.719721787353027,-21.85170509888399],[-30.46032950580945,-22.31010470306583],[-30.426832199521275,-22.343693270815965],[-30.313153837690567,-22.538555097025984],[-30.335191895023517,-22.63673360818852],[-30.095792264832973,-23.79621455791667],[-30.039306163526202,-23.815309214374874],[-29.960248750372095,-23.8651659019337],[-28.396334011361873,-24.70070798189717],[-28.180581415754236,-25.08113441025696],[-27.79163094670014,-25.697905159898248],[-28.086753020455415,-26.16297981100391],[-28.363209508843656,-26.56164304226587],[-28.367063339803106,-26.567357753405236],[-29.333607939225146,-27.735031453981875],[-30.21124746274551,-29.16441066013232],[-31.30406193808639,-29.702880440878022],[-31.65015464235051,-29.748324227162477],[-33.34354621066853,-29.824352232576363],[-35.53421432102118,-30.31100059300711],[-35.694402735624436,-30.374164818636554],[-36.16401600104597,-30.572421554498238],[-39.57508615819343,-31.782041638263767]]]},"properties":{"fill":"#516ebc"}},{"type":"Feature","id":5,"geometry":{"type":"Polygon","coordinates":[[[71.76687036522414,-5.268772844916685],[72.15429811816333,-5.345703746117626],[74.59608596801262,-5.830565603342125],[74.75254570110731,-5.8616335590508175],[76.29376756604556,-6.779118614620234],[77.65191316434306,-7.587618881890487],[78.0420191177712,-7.819847862351597],[79.47067172947798,-8.670320757046547],[80.3679749919896,-9.055342220841645],[81.366505346456,-9.282261106801002],[82.00487605928782,-9.37041832933249],[82.04721681325407,-9.376265469864665],[82.22537775369878,-9.388669770652369],[82.89705595283934,-9.435434782073424],[83.74552749420278,-9.384832708471215],[84.5625926440555,-9.228953483915168],[85.33104138222527,-9.032980057077332],[85.11561385495513,-8.341118603599217],[84.83870139332053,-7.544404605133182],[84.737118289309,-5.911346301121471],[84.72352386309086,-5.7772439493439265],[84.71491415512205,-5.56555403405682],[84.69442474950193,-5.424205657600562],[84.6490606159096,-5.274140670905202],[84.63486939698075,-5.112915061698015],[84.6348785858457,-5.110160728647296],[84.74076399954544,-4.998313960095647],[85.16295308895135,-4.785283028079491],[85.19733673618482,-4.77322587939474],[85.34306876482664,-4.753066233375042],[85.3743274174056,-4.754933897899151],[85.64403935449339,-4.900761351221919],[85.78465486784928,-4.871631318375859],[85.88526421831513,-4.838639460275678],[85.96747959955259,-4.847612569484505],[86.08302079659927,-4.877702089332006],[86.28263912483816,-4.875992219436989],[86.29787110782479,-4.877123147939791],[86.41985010658912,-4.825883929134248],[86.46899388901734,-4.809399076766238],[86.75542018161646,-4.783059627390323],[87.47077155322171,-4.667130484244435],[88.4394612151986,-4.450956943116097],[88.57040918397873,-4.564501782283685],[90.83317820485577,-6.733783304744391],[91.1124066182199,-6.466577135935053],[93.67437613557033,-4.014913814535135],[94.15412944327639,-3.4713039949858686],[94.43192355004804,-2.8812401034612534],[94.49599736657142,-2.2707535571897015],[94.48272257656308,-2.0800672640187203],[94.47128746364787,-1.9997864307077278],[94.44572614587143,-1.8203318064433505],[94.31699099775199,-1.2044172201900405],[94.25318708059397,-0.989542123145672],[94.24923094477839,-0.9762188805430059],[94.22009819594754,-0.8781073144977009],[93.7597359915718,0.3738477230846753],[93.58786237900615,0.8412580209626823],[93.4872060482877,1.0573896998741887],[93.39907096177012,1.246635463991505],[93.36944083656905,1.2963428752816253],[92.94918603700002,1.8279681576874292],[92.43523181156327,2.2394102674736946],[92.36108450780667,2.2987683223017354],[92.19963764195016,2.3838855798647947],[90.52363968073648,3.821780657610301],[86.77771622945112,7.035534502701016],[84.08069885221843,9.349396512717233],[82.98002642116903,10.29370044830796],[82.32936649871796,10.851923501933383],[82.32189815284745,10.858330847296926],[76.75755262713092,7.9971272380198535],[76.13068908137245,7.6713408384426325],[75.97524082176768,7.4697794260709705],[74.65046650605946,6.580725984116077],[72.34034998901762,-2.9891918256722803],[71.76687036522414,-5.268772844916685]]]},"properties":{"fill":"#00529c"}},{"type":"Feature","id":6,"geometry":{"type":"Polygon","coordinates":[[[-18.82103318257464,-10.1854891810313],[-18.614652541879575,-10.666345517902219],[-18.24697393067306,-11.732444897011998],[-18.135016153426236,-11.925143951897516],[-18.009669395182524,-12.771538031361967],[-17.998778309673046,-12.831114056747914],[-18.085971901530606,-13.41878427132649],[-17.96584336065044,-13.531825484874474],[-16.15010409568179,-14.817412014399304],[-16.00235535766064,-14.908676019652999],[-15.381896088233223,-14.908404792912862],[-12.417707628432368,-15.396081250708498],[-11.913421049956808,-15.530754833828071],[-10.891854308756766,-15.830210587126436],[-10.053192980193398,-14.695452399649298],[-8.051187384253641,-11.986620879708727],[-3.2959703442948447,-9.950360109506583],[-2.5031554183320393,-9.61086394808999],[-3.034829031739674,-8.235923993529662],[-5.785971215506658,-5.403809366535801],[-7.225165295754422,-3.400986262326369],[-7.519038734216611,-3.050072393231281],[-7.576714208763783,-2.994524864219023],[-7.630362281256005,-2.906767361766972],[-7.645285523484438,-2.841248238526125],[-7.695741735299035,-2.7473807752690873],[-7.79584333462982,-2.5982745294489926],[-7.814312820342785,-2.530173832164183],[-7.81291368417839,-2.4653201993985014],[-7.868458298661324,-2.3366968522868263],[-7.960431553626746,-2.213792471335764],[-8.009500539141523,-1.7089868857181123],[-8.04400964411713,-1.5979056899975501],[-8.084411296805028,-1.327326865830619],[-7.971944696145723,-0.8811876898364147],[-7.823013796951718,-0.3855779372914392],[-7.969018992881553,-0.259836811023068],[-8.207099642282445,-0.10603258840427698],[-8.530231780135228,0.18913248189104892],[-8.633510377714023,0.24035310411412314],[-9.471876214429626,0.8095646771672754],[-9.556964057830145,0.8908393144455885],[-9.77237953255677,1.0266276282093771],[-10.951385030066199,0.8083737879306747],[-11.036837045196437,0.5017115317621859],[-11.16299853536864,0.19987474048949994],[-11.205196638107266,-0.32638300036336465],[-11.371568813947802,-0.7838807811424944],[-11.941879540087593,-1.0425180310187259],[-11.98196442838899,-1.1129200916121789],[-12.15602492091309,-1.3015752200324733],[-12.327537582835312,-1.3434404827160895],[-12.373796149020382,-1.380299152478167],[-12.549044429610927,-1.5883112200954073],[-12.616954611776759,-1.6157556497974466],[-13.101853772402249,-1.6025004845245676],[-13.331983254844452,-1.7737017626770524],[-13.469597439135462,-1.9513116028035777],[-13.538602405771975,-2.0885873678967446],[-13.787770073168701,-2.296946766832209],[-14.03355733394147,-2.4256964385078073],[-14.097591314678118,-2.4530633014256957],[-14.258365082329588,-2.597609762909699],[-14.265279085965537,-2.5993729944646797],[-14.342509620899493,-2.630661121141205],[-15.206145371909022,-2.7199439407605075],[-15.569290566939259,-2.9028113764624788],[-15.619215387546136,-2.950208788707263],[-16.2138238682537,-3.4577953023469408],[-16.412204517666613,-3.615740323531605],[-16.829137740963,-3.9641594607201016],[-16.564168001415695,-4.237960453236622],[-16.505889150564258,-4.293192761620966],[-16.42978908638557,-5.06671459050441],[-16.32210558570814,-5.478757685194792],[-16.28459548730483,-6.214249439548513],[-16.316833103202935,-6.271636329506035],[-16.365506355888513,-6.433814633275115],[-16.942942852364293,-6.841962104199121],[-16.98550171937245,-6.921359132423957],[-17.297243970390454,-7.6643279429345545],[-17.279237479248472,-7.7222266257664876],[-17.431982017075853,-8.12355593750686],[-17.479575650596384,-8.213703024050202],[-18.17115495748152,-9.620170780391593],[-18.223062006585668,-9.653801269861773],[-18.390142406057485,-9.76667636747846],[-18.68610466601701,-10.07743760568875],[-18.82103318257464,-10.1854891810313]]]},"properties":{"fill":"#00529c"}},{"type":"Feature","id":7,"geometry":{"type":"Polygon","coordinates":[[[-94.4833530433075,-2.4603741749936776],[-94.33207057014685,-2.976366534249132],[-94.31178710457922,-3.0213108277556695],[-94.0557340918084,-3.4517534916576804],[-93.96731901636748,-3.570454019680573],[-93.63830378431916,-3.910710679479795],[-93.44758558321728,-4.107945128674878],[-92.82402801629863,-4.518035589853654],[-92.74867895554166,-4.567589845490233],[-91.9026909764408,-4.925509277935838],[-89.40711690089077,-5.824852246688665],[-89.30916313293802,-5.8601523539202],[-89.28713006777758,-5.868092523849936],[-87.78200929870764,-6.410500699206769],[-85.7881286626959,-7.129045801954064],[-83.10628736011864,-8.095514857076058],[-82.8429435727434,-8.190417423127302],[-81.8467109271011,-8.4778073579798],[-81.75851750013638,-8.495164342830236],[-81.35775245618154,-8.560672481210526],[-81.11846059453244,-8.592115046490084],[-79.62534800201604,-8.788307636728579],[-78.35464873406943,-8.955275474279562],[-77.61540710149087,-9.052410634370395],[-77.086652336888,-9.12188815896454],[-76.25298324429858,-9.231430935240532],[-75.06274299229489,-9.272515651098514],[-74.56553763070309,-9.240764820815444],[-73.91798831946204,-9.19941323881458],[-73.1077504198077,-9.09047610493092],[-72.33445927336466,-8.872981903539145],[-71.62491491814505,-8.552572449902856],[-69.40925519482441,-7.232429718616555],[-65.81714459400742,-5.092164835100079],[-64.69933008522189,-4.514745710555136],[-64.68532340347072,-4.5075104082299475],[-62.88128577624199,-3.5756153405122224],[-62.19123287665767,-3.2191610826402437],[-61.29671906041675,-2.7570903360113035],[-61.01845192201788,-2.613348448443149],[-60.99339724084286,-2.6031971458581067],[-60.157339183730095,-2.264454926105694],[-60.05089289215946,-2.2770835638566638],[-59.36750027547739,-2.3581602990855126],[-60.99643278370973,2.4469347616358617],[-61.38080524170263,2.4996365797977793],[-61.67185605698319,2.489049239752768],[-62.77000436818925,2.9271770680829725],[-62.832632197198954,2.898109762229101],[-63.26141665271055,2.864325895439736],[-63.353911892914354,2.833813468015647],[-63.35598895685807,2.8327731917777617],[-63.47654115487998,2.7768387320045873],[-63.61745130375548,2.7166457740589696],[-64.37255792385443,2.233525285683814],[-64.61536344438808,2.0915660401656555],[-64.82986023717976,2.034009808874674],[-64.93144226655568,2.0043201527884653],[-65.58243301470355,1.9173583675963832],[-65.69355331442307,1.9198433207047774],[-65.92373170318095,1.9304969737862645],[-65.94375935564629,1.9242391625063737],[-66.58590587002686,1.7784952403308154],[-66.72897286965272,1.7600240217296799],[-67.1438752074688,1.7956687183529],[-67.51345229377178,1.8125914308320723],[-67.98918216044144,1.8465529362938764],[-68.25637604339792,1.9089450806026134],[-68.52448781670714,1.9621956072574247],[-69.14942739549326,2.2207172812767704],[-69.90206910228379,2.6228397860114114],[-70.13384294976112,2.7375406871467614],[-70.49422316348816,2.920787458259144],[-70.67411764043868,3.021453226887822],[-70.7266555880909,3.0521013212566848],[-71.63188151859968,3.5600266903335],[-72.29882158726492,4.038125714170288],[-72.70846098512854,4.798469409896224],[-75.3589236569659,6.674660886650927],[-75.92757366594438,7.163352283600978],[-75.98602523144633,7.212337186032963],[-77.19363163264572,8.205097716518555],[-77.33930318477533,8.315654502241717],[-77.57393781689525,8.489570184672754],[-78.10822692738927,7.991318057269369],[-80.9789983083281,5.314175813964044],[-82.829459206108,3.5885256727078865],[-84.74701967203143,1.8003017265234316],[-84.76714249308147,1.8007147837118727],[-85.23067636889435,1.810229652378365],[-86.51916576275153,1.8366782206501442],[-87.73721353636711,1.861680847642921],[-88.29777109682504,-0.49099971181672375],[-88.33764234235564,-0.6236683107700218],[-88.35837031972646,-0.7375723362392791],[-88.36529268564175,-0.7694902497012832],[-88.60420930548553,-1.0268363544889871],[-88.6802075282893,-1.1343099553454135],[-88.89102399510917,-1.366380844091349],[-88.90896054840064,-1.3752025045634324],[-88.9279772456022,-1.3740171557065541],[-89.07313335642847,-1.4293009019590075],[-89.09364486893926,-1.453986646487735],[-89.16158083493356,-1.6232357611061452],[-89.37711877595046,-1.6064565872266774],[-89.5686223219176,-1.5338752596717797],[-89.61039196521234,-1.527526225572839],[-89.76378850963835,-1.479247837945384],[-89.88315600291848,-1.471503178895402],[-91.77259547349117,-0.7069499949142817],[-93.5403760095823,0.10509650306057546],[-93.80358877791022,-0.3174573709111929],[-94.3122994620802,-1.4231839057887818],[-94.47663735764017,-1.937177493477113],[-94.4833530433075,-2.4603741749936776]]]},"properties":{"fill":"#00529c"}},{"type":"Feature","id":8,"geometry":{"type":"Polygon","coordinates":[[[12.05323486411327,-12.901760339574608],[16.492000780059307,-18.359636103195943],[17.68444107496251,-19.82585241384601],[17.809782706485073,-20.61145242212376],[18.100379922404628,-21.39349512796659],[18.542988904779385,-22.115948573343925],[19.122974392838888,-22.753181308710563],[19.820200827444797,-23.28263665473267],[20.618010554423577,-23.777975815018475],[21.047851898740547,-24.044853045704023],[22.014523955464778,-24.507168604912074],[23.06211787609278,-24.763779235607295],[24.13460965263791,-24.802834241581454],[25.02097630631671,-24.735354172955454],[26.142114356806236,-24.650000699568057],[27.0491283050529,-24.580948729688103],[27.976660417787695,-24.51033468936925],[28.643859571818485,-24.459540083644473],[30.30656205158269,-24.332956714365594],[30.69550570212036,-24.303346006290106],[32.56052272331752,-24.161360208362463],[32.586873380595804,-24.158025829966018],[32.977006562085585,-24.10865887724229],[33.176696653645564,-24.07504898973645],[34.2395382753488,-23.771473295815888],[35.16864368986508,-23.250393215374142],[35.862315812604635,-22.750010742954075],[38.39514750159441,-20.922944984919493],[40.788346662830264,-19.196603570818226],[40.55815427461059,-18.866632682908488],[39.63469983727994,-17.611423004906477],[39.376887208643424,-16.247775080881215],[39.3382800110452,-16.147357947578218],[39.192427840378144,-15.75115670518291],[33.649180210996654,-12.406535611942772],[33.54295430708744,-12.224690870881812],[33.520458975064194,-12.201020375044454],[33.45082106818093,-11.984886561385858],[33.240444817869545,-11.75296357010747],[32.983619643137345,-11.396826558474814],[32.46939105349168,-11.031177299739175],[32.176626912001204,-10.925058940876788],[31.577928569642737,-10.689466218627278],[31.48709595386378,-10.55914165640841],[31.482434684696,-10.555192962900733],[30.34021808497911,-9.82803067162147],[30.050382011067402,-9.798859130608736],[29.95452282037952,-9.778153069407344],[29.218450933943437,-9.032012522136446],[28.970293563934558,-8.791232533938407],[26.541248174433616,-7.545809392805765],[25.56404196517611,-7.515954835927348],[24.999274221850285,-7.555397514682401],[23.74888044237168,-8.008676569920075],[23.503171256111077,-8.039944671761688],[20.716153910952094,-9.011737116332936],[19.62347687995259,-9.267576376906458],[18.91320470744548,-9.447562492495438],[15.361106707059133,-9.954689422033645],[14.106830240067026,-11.116439941037724],[13.036237807265358,-12.196355243929768],[12.32376784799499,-12.681928992483272],[12.05323486411327,-12.901760339574608]]]},"properties":{"fill":"#00529c"}},{"type":"Feature","id":9,"geometry":{"type":"Polygon","coordinates":[[[-72.70846098512854,4.798469409896224],[-72.29882158726492,4.038125714170288],[-71.63188151859968,3.5600266903335],[-70.7266555880909,3.0521013212566848],[-70.67411764043868,3.021453226887822],[-70.49422316348816,2.920787458259144],[-70.13384294976112,2.7375406871467614],[-69.90206910228379,2.6228397860114114],[-69.14942739549326,2.2207172812767704],[-68.52448781670714,1.9621956072574247],[-68.25637604339792,1.9089450806026134],[-67.98918216044144,1.8465529362938764],[-67.51345229377178,1.8125914308320723],[-67.1438752074688,1.7956687183529],[-66.72897286965272,1.7600240217296799],[-66.58590587002686,1.7784952403308154],[-65.94375935564629,1.9242391625063737],[-65.92373170318095,1.9304969737862645],[-65.69355331442307,1.9198433207047774],[-65.58243301470355,1.9173583675963832],[-64.93144226655568,2.0043201527884653],[-64.82986023717976,2.034009808874674],[-64.61536344438808,2.0915660401656555],[-64.37255792385443,2.233525285683814],[-63.61745130375548,2.7166457740589696],[-63.47654115487998,2.7768387320045873],[-63.35598895685807,2.8327731917777617],[-63.353911892914354,2.833813468015647],[-63.26141665271055,2.864325895439736],[-62.832632197198954,2.898109762229101],[-62.77000436818925,2.9271770680829725],[-62.600926616489886,3.266202557520855],[-62.02621627655828,3.5523931513082005],[-61.736427808594094,3.7071456558637372],[-61.30090374270947,3.9656183348078566],[-61.14289244245597,4.114462066113737],[-61.09720450632095,4.14634988208518],[-60.909616846202994,4.180048310841228],[-60.71123981127056,4.2924275930265585],[-60.43840191369666,4.364339461903303],[-60.403899260926316,4.2812645332686206],[-60.308047828668506,4.149716698399704],[-60.261326621960976,4.0677198338308305],[-60.0156172556236,3.8305098525970283],[-59.920678549508054,3.698103570778962],[-59.916742804293584,3.69676034306932],[-59.85665974163006,3.65532469396981],[-59.6509219753212,3.8421806538298116],[-59.56768120019086,3.9430898103295364],[-59.57487721002844,4.068457752107188],[-59.55568189615763,4.158589747044579],[-59.47249965171059,4.197651274650625],[-59.308827246002885,4.1559565965408165],[-59.29199775183144,4.139941246581011],[-58.901902009969234,4.1912177726600826],[-58.86626718182943,4.1544989982904585],[-58.80106177008414,4.0576235618851975],[-58.72548221950268,3.9587931829274075],[-58.708464239139936,3.947551168811464],[-58.25705215007632,3.506671393823398],[-58.06791396904433,3.878087817556178],[-57.723604520452966,4.314468925423556],[-57.20288851882722,4.797501614169598],[-57.1855357185087,4.819580655198203],[-56.8546601466458,4.828296082375397],[-56.82348962487624,4.828004090433548],[-56.81550898463187,5.13185718594714],[-56.88813033766351,5.479364564738187],[-56.90455331822313,5.617924918101033],[-57.11475516127902,6.305377343843669],[-57.202107194424606,6.733455088500606],[-57.53956072634838,7.723307403656792],[-57.504794584756766,7.89908279604364],[-57.50011130068258,7.9026454047582835],[-57.35456022786701,8.008233012551777],[-56.899341506958606,8.466777418274939],[-56.02011581909139,9.50316769903931],[-54.88329095333669,10.871777725857552],[-52.99248019256925,13.271176674972912],[-57.13901334447849,14.984916838683302],[-57.55104974236462,15.15520929700909],[-59.28358355905237,15.87125633627541],[-59.732857784473296,15.328217635251926],[-60.59812541617493,14.299557490363728],[-61.671567197752196,12.106084330652163],[-61.748768556495584,11.95279278018295],[-62.50956111244898,11.156142948753345],[-62.681247201438985,10.058775274740968],[-62.694192851953986,9.630125677086728],[-62.71166824316238,9.26881513099957],[-62.72634002440541,9.051716226284933],[-62.90046790967162,8.936079707038914],[-63.486770019837905,8.639501877505728],[-63.48809995009352,8.638528109853214],[-63.53831509895562,8.61191984056607],[-63.88734673897192,8.502010698364746],[-63.92248647049354,8.49701762043356],[-64.00719863362474,8.540195301013583],[-64.11110047482966,8.547658497800612],[-64.22968341848015,8.448288992568742],[-64.32668131314068,8.268773462118075],[-64.29260296756698,8.086719668731295],[-64.29499215122908,8.027308875519093],[-64.22493475472314,7.733271487599292],[-64.2175240408171,7.671001680034636],[-64.2253414213707,7.370287294237071],[-64.28622746777323,7.362709679750462],[-65.00119274405596,7.203125718894829],[-65.02762123098577,7.2058888295383845],[-65.76048624762444,7.3798620584569745],[-65.9834907599763,7.2826882968520685],[-66.22624991021469,7.164204981886577],[-67.37918457022177,6.558307910634529],[-67.65126565837593,6.425595498350467],[-67.82773616532361,6.450647075686711],[-68.0115295283414,6.435682934011375],[-68.36812488822282,6.400818584130735],[-72.70846098512854,4.798469409896224]]]},"properties":{"fill":"#516ebc"}},{"type":"Feature","id":10,"geometry":{"type":"Polygon","coordinates":[[[42.8849164720558,3.080829665339249],[43.924643917475706,1.4092870632764443],[44.25238390519944,1.3153188064533576],[45.361925132005034,1.1518255598406837],[45.40378682848757,1.1356164895131529],[45.51576610978792,1.0813856658126313],[45.651749001100285,1.0036616517297139],[45.83973672516001,1.020147545084461],[46.06483068539531,1.0093942689041064],[46.875774212359026,0.7968191337925286],[47.47080259016164,0.3157165985399579],[47.88562001805433,0.3338076022401153],[48.56112116656973,0.2204076950018572],[48.56775638603307,0.21912052704546903],[49.11073435271017,0.14322570040617544],[49.41503073589576,0.147695210623231],[49.58163901045218,0.14229004320562066],[49.98654934990052,0.23310022577493728],[49.99991634398972,0.2393134228190359],[50.38627976643648,0.45958405710755335],[50.957526598702174,0.45764892808515967],[52.16638481610371,0.6458317629285173],[52.13018412644424,1.5894448493900684],[52.151139170615316,2.99355499910805],[52.41038940280956,3.199693446367177],[54.31772962560117,4.3732017194658965],[54.7633010718218,5.2549107683045495],[55.24807231074575,6.067933054606545],[55.44720314716421,6.173248987890693],[56.5774797558473,7.184951134665932],[56.744209741195505,7.308638599373138],[57.09632437364584,7.943566292071866],[57.573133787794674,8.635438004289846],[57.67590336196295,8.829339339382036],[57.74607178010716,9.172908439637744],[57.813927754861396,9.534122902635485],[58.514646721349536,15.054311540638299],[58.499301281751954,15.148217443377144],[58.23895131967076,15.99936750397239],[57.908620968972855,15.87604733533367],[56.31306775822877,15.280389411060895],[53.74814617214099,14.322843239862388],[52.52502429035895,13.86622277974302],[50.8641945401575,14.389951444992473],[43.712662618720415,16.64512676759781],[43.448599554623335,14.686630132214228],[43.31604709644175,13.456281135864199],[45.18166395517847,10.894959343650454],[46.78138704452635,7.13243931537202],[46.86679539893658,6.752109515404817],[46.949242672493796,6.107171864766492],[46.95349369996277,6.06752098073355],[46.72672694269633,5.620705786888441],[46.334249350495725,4.457050617164172],[46.31389907335713,4.333596188646871],[46.307409595957076,4.27593257065113],[46.30167373410622,4.091434354599243],[45.8842395919552,3.552677867379133],[45.289331395460216,3.070279413256919],[44.95224493871317,3.0732522469793597],[44.93546162251795,3.071518903653175],[44.541473425391295,3.206220827007491],[43.487828434359876,3.1554728703599597],[42.8849164720558,3.080829665339249]]]},"properties":{"fill":"#00529c"}},{"type":"Feature","id":11,"geometry":{"type":"Polygon","coordinates":[[[-54.76581998325402,4.681520259892048],[-54.7538394231905,4.599306258266985],[-54.708070032846294,4.375921018681444],[-54.36692139159704,3.3405965659530326],[-54.0862508810692,3.127811653483929],[-53.89618327586606,3.0260432456664628],[-53.77889578490165,3.0142008565341802],[-53.77198360010596,3.019998520270788],[-53.447874263271686,3.035008823388561],[-53.265765681786625,2.8762968291556112],[-53.217397578886256,2.762105228230038],[-53.20905253105007,2.715584040357706],[-53.57958745274379,0.9492219455963216],[-53.99526582097293,-2.995514610242479],[-53.828603205432415,-3.0152872276557754],[-53.81048985500364,-2.985104144506855],[-52.23966886176798,-0.2098915216180408],[-51.43252417238174,0.31172794410419447],[-49.930131824369525,0.9939519444103881],[-49.642118978541475,1.0558656009869984],[-49.5002477976315,1.1329695082915912],[-49.401311052228884,1.293904179276964],[-49.31606244042324,1.3633185479296173],[-49.252232507302445,1.5022998866561679],[-48.97493571347255,1.7151828386578458],[-48.63437503070347,1.6093602567206011],[-48.55843964494206,1.562458125379474],[-48.41901788465653,1.4843120330475459],[-48.29248051953319,1.3858491881906407],[-48.15663710290423,1.3329836062887994],[-48.016593931385664,1.288126376635749],[-47.38325203647761,0.43990204103242647],[-47.184432957701716,0.2054013310937155],[-46.60446266574861,-0.45727776812630017],[-46.275568358359585,-0.9276298372787166],[-45.488515661690926,-2.165451775017585],[-45.42946160585914,-2.2963282592111978],[-44.912355605484606,-3.626366906641738],[-44.87920163442912,-3.7191591501742596],[-44.81601207616936,-3.940266510678014],[-43.18760925274595,-3.512811543003374],[-43.037101338378,-3.498721152900111],[-42.891695275926644,-3.4262023153716785],[-42.49234518051298,-3.1898771796023473],[-42.226595106077355,-3.042539142898413],[-42.1461185130066,-3.0073314706665677],[-40.993632074621544,-2.4913937469392162],[-40.41226038465664,-2.265883475927936],[-40.26213842534647,-2.213443874783775],[-39.754880850581365,-2.0790460533729003],[-39.30881652060358,-2.0431703302769577],[-38.57992095929137,-1.964063870123303],[-38.237288405970986,-1.9188576402526387],[-37.74183974964459,-1.8720162109824139],[-37.66601347890554,-1.8604581242307188],[-37.365521757517655,-1.8363446768988116],[-37.34108964387165,-1.8340130601227227],[-37.244157956627845,-1.8344551482750657],[-37.070684794559995,-1.8457311442725486],[-36.82170390229979,-1.869617511043708],[-36.024916114896804,-2.157675446671622],[-34.95967337983147,-2.5786267527866764],[-34.53623355674353,-2.753082807267815],[-34.4518417389997,-2.750369135406763],[-33.85829932327404,-2.7139985594150677],[-33.13755761061878,-2.8214944575079333],[-33.068764527421784,-2.84453356439915],[-32.930104978619745,-2.8957638380339885],[-32.91727345439125,-2.8953300821459225],[-32.733847040645564,-2.8952588904019882],[-32.35180655927609,-2.8771740452132266],[-32.00849203968996,-2.8473745721503247],[-31.851210894370652,-2.8237007795490365],[-31.600208533848782,-2.797923421216216],[-31.516455542964188,-2.7955903417500503],[-31.330972143889223,-2.7308344221121184],[-30.68012474220919,-2.541354269325675],[-30.224779832305458,-2.4871700257494287],[-29.358970805813133,-2.548227770883699],[-29.087109064273292,-2.5731539136831625],[-28.52457774213444,-2.3049027650587934],[-28.44553143247856,-2.275658056692105],[-28.254551602923712,-2.2122566210902197],[-28.141921170357783,-2.181410099547068],[-27.830166640262537,-2.264921777063692],[-27.099846199377257,-2.417372172066146],[-27.03668657377542,-2.4234696222944905],[-26.314246554385544,-2.5166850923350887],[-26.012906649726517,-2.4464852747073094],[-25.97284921608123,-2.4409202806184487],[-25.65582602712485,-2.3729023523682278],[-25.377611755942958,-2.3443796419629517],[-24.897585254144367,-2.165206108000052],[-24.883222262969408,-2.1593744776209904],[-24.873489458165395,-2.1560477115335077],[-24.679999431742875,-2.1979880656953634],[-24.434425291259213,-2.1577373954488714],[-23.6979336232877,-2.9234900834142343],[-23.648817014658647,-2.9549907242458837],[-23.54516344496799,-2.9905445492288534],[-23.4191663295837,-3.020239753877696],[-23.207618355704874,-2.806300440520801],[-23.182550504524695,-2.758535470750639],[-23.17634156818239,-2.693445105033367],[-23.158857436705446,-2.68449011258942],[-23.046798139918618,-2.6656336007193984],[-23.02641821835763,-2.5912136734048326],[-22.962118645911794,-2.6433220730536187],[-22.87365634148711,-2.6304966026857888],[-22.818750411508503,-2.6617712097193147],[-22.813249738513775,-2.663281354231169],[-22.792186853912206,-2.6622784160642072],[-22.599399393270055,-2.8019676430790046],[-22.526701096213497,-2.8907961923279486],[-22.215543557932435,-3.1889653921978702],[-22.19240654660178,-3.259475332068449],[-21.38033372817819,-4.49461188578984],[-20.85136918970212,-4.072888121512041],[-20.338194110878355,-3.8573834719602895],[-19.51221829276534,-3.9552471241099267],[-19.08956909074274,-3.958451746952473],[-18.850652465158653,-3.9431051230768857],[-18.817015373312298,-3.948318423748252],[-18.35433289513419,-4.0051028681179925],[-18.217132963136972,-4.010507644809839],[-17.427921413407134,-4.108776865890206],[-17.417122645382385,-4.105015961038177],[-16.87964217394322,-3.953757733616356],[-16.963380797962422,-3.482825659183675],[-17.10192004666176,-2.356123437093861],[-17.18919383370066,-2.109994991569309],[-17.160076696007017,-1.0953635784044558],[-17.422749052454822,-0.7454241259094649],[-17.49451070329571,-0.7213652528131566],[-17.550037017931704,-0.7134557771316675],[-17.770986507343654,-0.6553697986560993],[-17.94663900533686,-0.582003805876777],[-17.956720289557243,-0.5813484364538319],[-18.709967812886347,-0.6300157602922069],[-18.762553532686113,-0.6190599793067768],[-18.823688147608234,-0.5842525426418261],[-19.296553764501564,-0.5865111682354376],[-19.60665352916184,-0.6398784437251173],[-19.777869596450024,-0.6885314762000185],[-19.81642244470486,-0.6947660918720019],[-19.934233550465496,-0.7066822476639005],[-20.105150467872765,-0.7353004563194614],[-20.407996084936094,-0.6066071114539385],[-20.78477684721546,-0.4913803676842188],[-20.81134660706868,-0.4764730687460472],[-20.838153755037037,-0.4560849367745571],[-21.297217817124594,0.06754745929366357],[-21.659410485501258,0.6941438660895374],[-22.077441423067484,2.1389768893630707],[-23.461426976269035,4.007995016109939],[-23.913616743714286,4.699704881586051],[-24.938739563602,7.268090686974519],[-25.320891599366814,9.28819732443878],[-25.425402131771484,9.859854048973132],[-28.845082670699572,11.57516335076236],[-29.86285687257453,11.693704640494492],[-29.96045899696806,11.718859578369763],[-30.190796159378728,11.783603488099601],[-31.519443880236643,12.267779250681272],[-32.2288285585067,4.908797408475153],[-32.656538138143276,5.004072826426873],[-32.7020294671336,5.013949874095269],[-33.6159384902833,5.203737404275228],[-34.1658182746857,5.31792855846468],[-34.470980064552215,5.3813001862055465],[-34.558702341232646,5.399517091620885],[-34.648431669467826,5.418150792743312],[-34.88841904176723,5.467987931352701],[-36.4898372871844,5.800547525233703],[-36.894102019014106,5.860560543643064],[-37.389056664143986,6.106034130824158],[-39.19038149651218,6.999404205497915],[-40.11799876890062,7.459457549021101],[-40.507511774394196,7.652637178009343],[-41.24471260516187,8.018253167639944],[-41.627245971559226,8.207971232901011],[-43.24694956634092,9.011265949888354],[-44.36205740740731,8.135245291583526],[-46.562754456453874,6.028064969296617],[-47.225630531938734,5.461230346304784],[-47.35618515424288,5.380526651456186],[-47.49009587335414,5.1607235190403165],[-47.57766583264448,5.035419421356511],[-47.598134300917536,5.0211625073385315],[-47.60677008173602,5.013583334139538],[-47.67873368997206,4.957749132021047],[-47.70055823174955,4.943852062390343],[-47.96837173531659,4.859434728077528],[-48.05661933990974,4.8949913676674335],[-48.10939909567412,4.905096906483591],[-48.42934956384911,4.7802615504191035],[-48.64660661269358,4.756666106238432],[-48.678131259759,4.7611275253940795],[-48.68242952273393,4.7591668199669375],[-48.69349432675467,4.757111109351689],[-48.850683323060856,4.774096492540481],[-48.97327954051957,4.879506284814453],[-49.07798082888042,4.893018774792022],[-50.2940055060541,5.826416913443128],[-51.03056028318706,6.11897002898063],[-51.72270076187232,6.338623984978022],[-51.94045229557981,6.397662605808549],[-52.08829576168138,6.562958408934575],[-52.659105912739065,6.0304194245790175],[-53.6596377899296,5.380172690233927],[-53.94355331611155,5.243329853343223],[-54.24183772487235,5.0878715614047705],[-54.35816927654933,5.024274019314752],[-54.76581998325402,4.681520259892048]]]},"properties":{"fill":"#516ebc"}},{"type":"Feature","id":12,"geometry":{"type":"Polygon","coordinates":[[[-49.105581688818916,-7.3973191154392754],[-47.823872353100214,-9.37290303338084],[-46.561062074914666,-11.319356575903996],[-44.74930783830604,-11.019667042519766],[-42.143074325114966,-10.567605803602964],[-41.514835868747895,-10.514816032203193],[-41.31884095619399,-10.526887039077792],[-41.14202189072956,-10.523543491725523],[-40.91371644751515,-10.503437069674911],[-40.903756057829646,-10.497373370733463],[-40.45585403726578,-10.476922629317144],[-40.253961555494115,-10.50474167887956],[-40.24287455108356,-10.503768966127236],[-39.78099130391029,-10.602180085981582],[-39.42354197191827,-10.882900243710237],[-39.07023629418897,-11.410034804464908],[-38.72064926876273,-11.73948092176017],[-38.421914871479665,-12.339664436440247],[-37.999147752312105,-13.071291037132418],[-36.368931561587665,-16.297219403304958],[-35.57091599569608,-16.0439897247421],[-35.10967277889457,-15.876885093449161],[-33.89784001716956,-14.108884923004927],[-33.23619306029296,-13.298249116415231],[-33.00452279532023,-13.006263453468929],[-32.086498484009404,-12.437610028796925],[-30.558480108826984,-11.525512025963522],[-30.245648849414547,-11.325943941364212],[-30.15956731555346,-11.326483862319316],[-29.08427534963146,-11.17064735999034],[-27.986943042327333,-10.974915609504912],[-27.789855759020337,-10.88773413667826],[-26.726889584921835,-10.209864408959621],[-26.116298780269624,-9.83830919741258],[-25.787613225311663,-9.691940704043663],[-26.12886735971258,-7.970504772029784],[-26.190631655056198,-7.62207367130745],[-26.365392440799006,-6.925422793689902],[-26.529573005078106,-5.99101670996619],[-26.37740667195364,-5.715138821568553],[-26.319740194343048,-5.656416001210845],[-26.048297988436847,-5.349340787275264],[-26.03389399990237,-5.329667087702769],[-25.804349063771088,-5.198945895668948],[-25.712889131204438,-5.182278883359162],[-25.524409520630005,-5.1162700778253],[-25.509280546325744,-5.107953240971691],[-25.431929602557364,-5.089992284885269],[-25.321476025604518,-5.142922824217361],[-24.80859777375708,-5.320198889750779],[-24.799918882383693,-5.32798749956764],[-22.928551044442006,-6.711786589861296],[-22.612341337478263,-6.268309917781505],[-22.530906914306218,-6.002883413989913],[-22.47242022707311,-5.915610602594285],[-22.037741856671794,-5.290923121030317],[-21.987442663158504,-5.215261617970527],[-21.475615825583052,-4.643746992650803],[-21.38033372817819,-4.49461188578984],[-22.19240654660178,-3.259475332068449],[-22.929673159196106,-3.0421785140424147],[-23.01234753992617,-3.0405154416893945],[-23.107836258174054,-3.0614138810367204],[-23.399261533166,-3.0326506482429667],[-23.4191663295837,-3.020239753877696],[-23.54516344496799,-2.9905445492288534],[-23.648817014658647,-2.9549907242458837],[-23.6979336232877,-2.9234900834142343],[-24.434425291259213,-2.1577373954488714],[-24.679999431742875,-2.1979880656953634],[-24.873489458165395,-2.1560477115335077],[-24.883222262969408,-2.1593744776209904],[-24.897585254144367,-2.165206108000052],[-25.377611755942958,-2.3443796419629517],[-25.65582602712485,-2.3729023523682278],[-25.97284921608123,-2.4409202806184487],[-26.012906649726517,-2.4464852747073094],[-26.314246554385544,-2.5166850923350887],[-27.03668657377542,-2.4234696222944905],[-27.099846199377257,-2.417372172066146],[-27.830166640262537,-2.264921777063692],[-28.141921170357783,-2.181410099547068],[-28.254551602923712,-2.2122566210902197],[-28.44553143247856,-2.275658056692105],[-28.52457774213444,-2.3049027650587934],[-29.087109064273292,-2.5731539136831625],[-29.358970805813133,-2.548227770883699],[-30.224779832305458,-2.4871700257494287],[-30.68012474220919,-2.541354269325675],[-31.330972143889223,-2.7308344221121184],[-31.516455542964188,-2.7955903417500503],[-31.600208533848782,-2.797923421216216],[-31.851210894370652,-2.8237007795490365],[-32.00849203968996,-2.8473745721503247],[-32.35180655927609,-2.8771740452132266],[-32.733847040645564,-2.8952588904019882],[-32.91727345439125,-2.8953300821459225],[-32.930104978619745,-2.8957638380339885],[-33.068764527421784,-2.84453356439915],[-33.13755761061878,-2.8214944575079333],[-33.85829932327404,-2.7139985594150677],[-34.4518417389997,-2.750369135406763],[-34.53623355674353,-2.753082807267815],[-34.95967337983147,-2.5786267527866764],[-36.024916114896804,-2.157675446671622],[-36.82170390229979,-1.869617511043708],[-37.070684794559995,-1.8457311442725486],[-37.244157956627845,-1.8344551482750657],[-37.34108964387165,-1.8340130601227227],[-37.365521757517655,-1.8363446768988116],[-37.66601347890554,-1.8604581242307188],[-37.74183974964459,-1.8720162109824139],[-38.237288405970986,-1.9188576402526387],[-38.57992095929137,-1.964063870123303],[-39.30881652060358,-2.0431703302769577],[-39.754880850581365,-2.0790460533729003],[-40.26213842534647,-2.213443874783775],[-40.41226038465664,-2.265883475927936],[-40.993632074621544,-2.4913937469392162],[-42.1461185130066,-3.0073314706665677],[-42.226595106077355,-3.042539142898413],[-42.49234518051298,-3.1898771796023473],[-42.891695275926644,-3.4262023153716785],[-43.037101338378,-3.498721152900111],[-43.18760925274595,-3.512811543003374],[-44.81601207616936,-3.940266510678014],[-45.35535751851111,-4.409350410560654],[-45.64733026433833,-4.660339335340779],[-46.12367187957318,-5.024918577579067],[-46.78940283492067,-5.540385374272579],[-49.105581688818916,-7.3973191154392754]]]},"properties":{"fill":"#153477"}},{"type":"Feature","id":13,"geometry":{"type":"Polygon","coordinates":[[[-39.469628035813265,-36.89342665681454],[-39.376498073835236,-41.40728563409322],[-39.33997473068033,-43.17751314067039],[-39.33798395605122,-43.27400277451673],[-39.33465823825527,-43.43519494951912],[-39.34136783723516,-43.52869885696239],[-39.36352399337183,-43.90410745175909],[-39.29975487143353,-44.70911260179931],[-39.0048524490155,-45.46355770193951],[-38.4826579251274,-46.13768862137464],[-37.74753313571096,-46.70371872081569],[-36.825179064184816,-47.13700841672652],[-33.50945670775935,-48.2799106425424],[-32.08164797155941,-48.772064570774646],[-31.773375563559593,-48.87832353439922],[-31.643148130060638,-48.923211859659574],[-30.504982701587465,-49.19192065638884],[-29.267446605359527,-49.28127824088081],[-27.991592196614707,-49.18481470006512],[-26.74180955316976,-48.90483434214368],[-26.55757063858292,-48.845081486137154],[-25.579626943051863,-48.52791217935634],[-25.132678024529717,-48.38295651442194],[-25.058782821815818,-48.3589906252544],[-24.880584876872287,-48.30119699262935],[-23.147063738605947,-47.73897679505934],[-22.815800481655256,-47.63154061233314],[-22.200629514275516,-47.43202672399056],[-22.01998694033693,-47.37344024277183],[-21.914836336284704,-47.3325920530996],[-21.48889025905418,-47.16712342541383],[-21.418295757278415,-47.13649470571054],[-21.089582128684818,-46.98371821043211],[-21.002628271035633,-46.94049812702445],[-19.766051542067213,-46.1367927266865],[-16.49931893659302,-42.92182697545515],[-21.353993226537977,-42.53230479967551],[-22.23345440288694,-42.297213933670974],[-22.437444556391934,-42.25309652292232],[-22.50245962552298,-42.23757182906987],[-23.888025804804826,-41.591892878877545],[-23.937675982469557,-41.58017595257322],[-24.05811181927682,-41.580066997042636],[-24.08603680832696,-41.59076550921051],[-24.20490742613098,-41.58193397887334],[-24.344614765483662,-41.637465766972625],[-24.441329952246686,-41.57099613028054],[-24.611238649939693,-41.398539519306425],[-24.630152917108056,-41.36787356160237],[-24.613355856353866,-41.28732119741396],[-24.73053981109782,-41.16541566026458],[-24.77725219413398,-41.126197887641815],[-24.859534665633454,-41.08191235103],[-24.968136694226782,-40.833131860239725],[-24.896144719499176,-40.63293170677091],[-24.898743324778895,-40.43382439534445],[-24.884419947674818,-40.22102808753779],[-24.8733865973231,-40.1870756943082],[-24.82985777788487,-40.031525662620474],[-24.776748848995084,-39.811625315614926],[-24.591698058159675,-39.2234036590955],[-24.45429853521151,-38.990283171606904],[-23.7390207307363,-37.71268809219066],[-24.532708233107673,-37.6177575927189],[-25.358814476401538,-37.31505073886883],[-25.4079685360507,-37.29905545967024],[-26.737659878779038,-36.611383544243516],[-26.787641347501683,-36.58331796922623],[-27.173192404771054,-36.80905984331327],[-27.890665047228744,-37.49108389292271],[-28.133348021888853,-37.77023551175493],[-28.38658053211382,-38.01458646438651],[-28.512326647454362,-38.280867115776836],[-28.645045121425955,-38.43905957675795],[-29.164313618139413,-38.809237890045736],[-29.499123142632435,-39.128039235475875],[-29.527327426512397,-39.158676439006186],[-30.765290194856934,-39.38854740087295],[-31.0077602798833,-39.512472571160764],[-32.132252866837106,-39.753209327422354],[-32.29062562990093,-39.73225593837964],[-37.93378777048249,-37.2680828852918],[-38.057194771281075,-37.244831478271564],[-39.469628035813265,-36.89342665681454]]]},"properties":{"fill":"#153477"}},{"type":"Feature","id":14,"geometry":{"type":"Polygon","coordinates":[[[52.13018412644424,1.5894448493900684],[52.16638481610371,0.6458317629285173],[52.66455270012281,0.4257650132516966],[54.503773530796195,-0.34883933409340795],[54.769226221167216,-0.5698297474104894],[54.95243471411808,-0.726578331983843],[55.63691312357408,-2.220317462898658],[56.43688624485353,-4.079121141441846],[56.71240534024645,-4.738973800234102],[56.78548693831981,-4.917489155777674],[57.0253037529074,-5.4315584022602925],[58.581054444691404,-1.1487128276778829],[58.78937695093199,-0.48785102517802326],[58.84959059714963,-0.40391663013555157],[59.3141978241256,0.21144321787544917],[59.917715307384604,0.6534213369317843],[59.94528568865097,0.6642104941554967],[59.96167884828307,0.6644467817913331],[60.07503891452948,0.6865213123281951],[60.25562384463232,0.7679951643629239],[60.620710322369234,0.7098455136127126],[60.79936869858242,0.6936365839655707],[61.21248786866571,0.6919348164643071],[61.77874888691227,0.1462828350390737],[62.21122729973786,-0.29370208992740165],[62.464407012078354,0.20255884446009076],[63.13561316312898,0.8721421419966962],[63.09052928883593,1.6182748571392365],[63.09963052337752,1.8581722959133242],[63.36964627441154,2.324842015797419],[63.8693091627288,2.608673528959038],[64.06982708413528,3.232082094894896],[64.10566880073704,3.3010503177591595],[64.1268152726835,3.3690856071126536],[63.526900453507835,3.5707905551801655],[63.36900126382218,3.6745549541884532],[62.91280964613157,3.7130953057942326],[62.59217258816542,3.40251762820476],[62.51962948627467,3.391703478416453],[62.41861884753738,3.34143849289923],[62.386295934577696,3.2953577085231758],[62.3181755637037,3.264665109163964],[62.14847688804105,3.3158230256857473],[62.1301045459709,3.499238852742954],[62.06032982752275,3.5778059353264355],[62.001901615760424,3.610016670051133],[61.22894536886973,3.863651025384308],[61.20541155695889,4.057419834785172],[60.76399514651349,4.052525202200534],[60.31872925695568,4.133231877562488],[60.30658041411548,4.133006534843113],[60.29155136681909,4.128384866352822],[60.08864494233211,4.052631059958409],[59.978508564554105,3.938032101801089],[59.85508339620532,3.8716271750266626],[59.67088635286188,3.8445247951016706],[59.021274041329356,3.89644015848351],[58.77847590264743,4.0002115138931025],[58.777574917416636,4.001371799107862],[58.49248207759991,4.3913490580347645],[58.231863859647376,4.941990939298465],[57.945979550032035,5.339021158764227],[57.17211290419278,6.459007260969796],[56.744209741195505,7.308638599373138],[56.5774797558473,7.184951134665932],[55.44720314716421,6.173248987890693],[55.24807231074575,6.067933054606545],[54.7633010718218,5.2549107683045495],[54.31772962560117,4.3732017194658965],[52.41038940280956,3.199693446367177],[52.151139170615316,2.99355499910805],[52.13018412644424,1.5894448493900684]]]},"properties":{"fill":"#153477"}},{"type":"Feature","id":15,"geometry":{"type":"Polygon","coordinates":[[[56.744209741195505,7.308638599373138],[57.17211290419278,6.459007260969796],[57.945979550032035,5.339021158764227],[58.231863859647376,4.941990939298465],[58.49248207759991,4.3913490580347645],[58.777574917416636,4.001371799107862],[58.77847590264743,4.0002115138931025],[59.021274041329356,3.89644015848351],[59.67088635286188,3.8445247951016706],[59.85508339620532,3.8716271750266626],[59.978508564554105,3.938032101801089],[60.08864494233211,4.052631059958409],[60.29155136681909,4.128384866352822],[60.30658041411548,4.133006534843113],[60.31872925695568,4.133231877562488],[60.76399514651349,4.052525202200534],[61.20541155695889,4.057419834785172],[61.33791042518293,4.365575231312301],[61.46441807547473,4.516472244856145],[61.72871960238569,4.756192358507246],[61.82471668838845,4.813895103966268],[61.99615672030081,5.309788369724258],[62.06181814512488,5.6025076402559115],[62.4121757165916,5.864478727478289],[62.661651399347264,6.022014835960228],[63.14982116560414,6.1387787204460285],[63.572070328361896,6.2715358653520346],[63.96691963631259,6.524684606037123],[64.08189679622475,6.574397781921176],[64.0905248684725,6.577294423605103],[64.44207440036247,6.723882018378855],[64.80046059420842,6.79252000172022],[64.52668778794643,7.794080052791259],[64.65457349335428,8.160049770693599],[65.04593173255768,8.763607302084607],[65.0534646081232,9.183955400435966],[65.22680171485304,9.356251078445498],[65.26392175409951,9.460727596372072],[65.2949995005366,9.524468594290685],[65.34361771848285,9.660013401550325],[65.54643020356946,9.803314567378534],[65.58186356007995,9.848386295661607],[65.67486740159974,9.929900382424695],[65.72389581511293,9.984626118210949],[65.86240944530226,10.08606915750962],[66.13747266646894,10.207654067338726],[66.23562987053485,10.258585655481495],[66.45650641756313,10.160301856040874],[66.66771803743796,10.051810421064232],[66.68387748319854,10.053276255599254],[66.75330173586177,10.06454921185872],[66.7810823963529,10.065954188681793],[67.08361663350013,10.094976382749515],[67.35920669924967,10.072846407637021],[67.75307964246332,10.099903748591574],[68.85015200932641,10.274757408959378],[69.14032648665908,10.36373868560012],[69.23134874244778,10.355408447902603],[72.02698335427438,9.936953630641714],[72.3377392573092,9.88588855386524],[72.79577794403319,9.719615514130878],[73.0230812979535,9.640318654198463],[73.60755826583761,9.299493206380326],[76.13068908137245,7.6713408384426325],[76.75755262713092,7.9971272380198535],[82.32189815284745,10.858330847296926],[76.26045873616029,16.05864379695919],[76.2429387116258,16.233140994168647],[76.17875456442438,16.872406867905287],[76.00677631224947,17.571280773193276],[75.62651801600751,18.223671185069062],[75.529646430764,18.34873432211392],[74.79627747209466,19.047052115875662],[74.6667913840365,19.14020315668451],[74.56583019557706,19.212833660295612],[73.8131929854366,19.647639301173694],[73.4122244908303,19.78989667662895],[72.93678952310678,19.958573596680758],[71.97445355439244,20.1285867007089],[70.96963579725096,20.146303188068714],[69.9693820010893,20.00723415633514],[69.73848626132796,19.954440211613104],[68.98050828766193,19.78112975000126],[68.13442093148241,19.58767321780917],[68.04385114254127,19.566964579201166],[67.9736814320886,19.549948479433496],[67.50579641752361,19.432655607944355],[67.23028813969563,19.356047175066365],[64.43697550723502,18.313237199634415],[64.11102819681467,18.191553324073325],[58.23895131967076,15.99936750397239],[58.499301281751954,15.148217443377144],[58.514646721349536,15.054311540638299],[57.813927754861396,9.534122902635485],[57.74607178010716,9.172908439637744],[57.67590336196295,8.829339339382036],[57.573133787794674,8.635438004289846],[57.09632437364584,7.943566292071866],[56.744209741195505,7.308638599373138]]]},"properties":{"fill":"#516ebc"}},{"type":"Feature","id":16,"geometry":{"type":"Polygon","coordinates":[[[-77.57393781689525,8.489570184672754],[-77.33930318477533,8.315654502241717],[-77.19363163264572,8.205097716518555],[-75.98602523144633,7.212337186032963],[-75.92757366594438,7.163352283600978],[-75.3589236569659,6.674660886650927],[-72.70846098512854,4.798469409896224],[-68.36812488822282,6.400818584130735],[-68.0115295283414,6.435682934011375],[-67.82773616532361,6.450647075686711],[-67.65126565837593,6.425595498350467],[-67.37918457022177,6.558307910634529],[-66.22624991021469,7.164204981886577],[-65.9834907599763,7.2826882968520685],[-65.76048624762444,7.3798620584569745],[-65.02762123098577,7.2058888295383845],[-65.00119274405596,7.203125718894829],[-64.28622746777323,7.362709679750462],[-64.2253414213707,7.370287294237071],[-64.2175240408171,7.671001680034636],[-64.22493475472314,7.733271487599292],[-64.29499215122908,8.027308875519093],[-64.29260296756698,8.086719668731295],[-64.32668131314068,8.268773462118075],[-64.22968341848015,8.448288992568742],[-64.11110047482966,8.547658497800612],[-64.00719863362474,8.540195301013583],[-63.92248647049354,8.49701762043356],[-63.88734673897192,8.502010698364746],[-63.53831509895562,8.61191984056607],[-63.48809995009352,8.638528109853214],[-63.486770019837905,8.639501877505728],[-62.90046790967162,8.936079707038914],[-62.72634002440541,9.051716226284933],[-62.71166824316238,9.26881513099957],[-62.694192851953986,9.630125677086728],[-62.681247201438985,10.058775274740968],[-62.50956111244898,11.156142948753345],[-63.287890016623884,10.955834045866215],[-64.91927339890191,11.413534005907419],[-65.04216053267822,11.438330635648525],[-65.11898168548902,11.387750793666138],[-65.29696547648155,11.229109748203038],[-65.34515868567013,11.1965697841811],[-65.53699169033852,11.106736168853864],[-65.59212888821915,11.056231731887484],[-65.73899216074683,10.99565086548464],[-65.78211070181548,10.959358892184772],[-65.78246050636487,10.959361032662814],[-65.9480117109447,10.930342028309244],[-66.04176971764447,10.941387133710185],[-66.19554489179517,11.08090519035851],[-66.18720033802165,11.26550283134727],[-66.19743034540907,11.316961321537429],[-66.21986618159005,11.40317064521556],[-66.31275771852529,11.522089659935402],[-66.36623301088238,11.626140991513827],[-66.3752357159161,11.6318622015153],[-66.8002707158878,12.134041178380539],[-66.83701413586294,12.215322873013003],[-67.34767873548789,12.29276742725532],[-67.43319010052673,12.29739094063504],[-67.47467781994277,12.305389092013101],[-67.92810992872758,12.43590774535128],[-68.22548387193277,12.51182964168667],[-68.78119185529273,12.858320329576891],[-69.24091009196842,13.263834351282842],[-69.66811939045249,13.652237061347316],[-72.76601500871048,14.476973756839373],[-73.1587742755089,12.606937699978477],[-74.46207190032789,11.391545506030472],[-77.57393781689525,8.489570184672754]]]},"properties":{"fill":"#153477"}},{"type":"Feature","id":17,"geometry":{"type":"Polygon","coordinates":[[[-42.61086523685705,-19.186463316785545],[-42.21236024356709,-20.059234895674013],[-40.332948678135054,-24.17536148621295],[-40.295081844719846,-24.25829418854737],[-40.24722747340739,-24.40090843218608],[-39.808126446892146,-25.547640309518492],[-39.69776809652,-25.83584605411874],[-39.57508615819343,-31.782041638263767],[-36.16401600104597,-30.572421554498238],[-35.694402735624436,-30.374164818636554],[-35.53421432102118,-30.31100059300711],[-33.34354621066853,-29.824352232576363],[-31.65015464235051,-29.748324227162477],[-31.30406193808639,-29.702880440878022],[-30.21124746274551,-29.16441066013232],[-29.333607939225146,-27.735031453981875],[-28.367063339803106,-26.567357753405236],[-28.363209508843656,-26.56164304226587],[-28.086753020455415,-26.16297981100391],[-27.79163094670014,-25.697905159898248],[-28.180581415754236,-25.08113441025696],[-28.396334011361873,-24.70070798189717],[-29.960248750372095,-23.8651659019337],[-30.039306163526202,-23.815309214374874],[-30.095792264832973,-23.79621455791667],[-30.335191895023517,-22.63673360818852],[-30.313153837690567,-22.538555097025984],[-30.426832199521275,-22.343693270815965],[-30.46032950580945,-22.31010470306583],[-30.719721787353027,-21.85170509888399],[-31.187369865342475,-21.351880518424377],[-31.095063562637154,-20.796959840053372],[-30.74567780252625,-18.93559066783651],[-32.50918745770968,-17.80444360968783],[-32.64499870665969,-17.70876667173434],[-33.420243596495474,-17.177568233854217],[-34.796682584311576,-16.131548494312995],[-35.10967277889457,-15.876885093449161],[-35.57091599569608,-16.0439897247421],[-36.368931561587665,-16.297219403304958],[-36.8383060300744,-16.59628977424458],[-39.283515292122495,-17.725893732072315],[-42.61086523685705,-19.186463316785545]]]},"properties":{"fill":"#00529c"}},{"type":"Feature","id":18,"geometry":{"type":"Polygon","coordinates":[[[61.80869265240375,-5.7431678276260945],[63.31128992433314,-5.0175782137679885],[65.40652528718088,-4.005809427632465],[66.7105559867001,-4.264748690879956],[67.44152913532803,-4.409896844699646],[69.14619165814906,-4.7483889200070974],[71.76687036522414,-5.268772844916685],[72.34034998901762,-2.9891918256722803],[74.65046650605946,6.580725984116077],[73.4576555089006,6.042296114342203],[72.7099183958099,5.8935558091461235],[71.83011589304446,5.7311566596618775],[70.32124292847622,5.641492681768722],[69.54352532176368,5.6110862729920825],[68.13760680023745,5.5412157634188715],[68.111605943374,5.547003494457931],[67.2828166902911,5.692358832766014],[66.925945680324,5.711901729828837],[66.38598701031196,5.121687506505626],[65.79246782074775,4.57457894969945],[65.69860941413074,4.496671327852157],[65.28412833697922,4.123635675192],[64.84241677457365,3.766210861540534],[64.60760929217003,3.6876103563904756],[64.6069610356259,3.687292024786643],[64.1268152726835,3.3690856071126536],[64.10566880073704,3.3010503177591595],[64.06982708413528,3.232082094894896],[63.8693091627288,2.608673528959038],[63.36964627441154,2.324842015797419],[63.09963052337752,1.8581722959133242],[63.09052928883593,1.6182748571392365],[63.13561316312898,0.8721421419966962],[62.464407012078354,0.20255884446009076],[62.21122729973786,-0.29370208992740165],[62.195587887973495,-1.4125592690017124],[62.17776262848024,-1.9197111487815617],[62.136268729883284,-2.3152118743763674],[61.80869265240375,-5.7431678276260945]]]},"properties":{"fill":"#516ebc"}},{"type":"Feature","id":19,"geometry":{"type":"Polygon","coordinates":[[[-25.425402131771484,9.859854048973132],[-25.320891599366814,9.28819732443878],[-24.938739563602,7.268090686974519],[-23.913616743714286,4.699704881586051],[-23.461426976269035,4.007995016109939],[-22.077441423067484,2.1389768893630707],[-21.659410485501258,0.6941438660895374],[-21.297217817124594,0.06754745929366357],[-20.838153755037037,-0.4560849367745571],[-20.81134660706868,-0.4764730687460472],[-20.78477684721546,-0.4913803676842188],[-20.407996084936094,-0.6066071114539385],[-20.105150467872765,-0.7353004563194614],[-19.934233550465496,-0.7066822476639005],[-19.81642244470486,-0.6947660918720019],[-19.777869596450024,-0.6885314762000185],[-19.60665352916184,-0.6398784437251173],[-19.296553764501564,-0.5865111682354376],[-18.823688147608234,-0.5842525426418261],[-18.762553532686113,-0.6190599793067768],[-18.709967812886347,-0.6300157602922069],[-17.956720289557243,-0.5813484364538319],[-17.94663900533686,-0.582003805876777],[-17.770986507343654,-0.6553697986560993],[-17.550037017931704,-0.7134557771316675],[-17.49451070329571,-0.7213652528131566],[-17.422749052454822,-0.7454241259094649],[-17.160076696007017,-1.0953635784044558],[-17.18919383370066,-2.109994991569309],[-17.10192004666176,-2.356123437093861],[-16.963380797962422,-3.482825659183675],[-16.87964217394322,-3.953757733616356],[-16.829137740963,-3.9641594607201016],[-16.412204517666613,-3.615740323531605],[-16.2138238682537,-3.4577953023469408],[-15.619215387546136,-2.950208788707263],[-15.569290566939259,-2.9028113764624788],[-15.206145371909022,-2.7199439407605075],[-14.342509620899493,-2.630661121141205],[-14.265279085965537,-2.5993729944646797],[-14.258365082329588,-2.597609762909699],[-14.097591314678118,-2.4530633014256957],[-14.03355733394147,-2.4256964385078073],[-13.787770073168701,-2.296946766832209],[-13.538602405771975,-2.0885873678967446],[-13.469597439135462,-1.9513116028035777],[-13.331983254844452,-1.7737017626770524],[-13.101853772402249,-1.6025004845245676],[-12.616954611776759,-1.6157556497974466],[-12.549044429610927,-1.5883112200954073],[-12.373796149020382,-1.380299152478167],[-12.327537582835312,-1.3434404827160895],[-12.15602492091309,-1.3015752200324733],[-11.98196442838899,-1.1129200916121789],[-11.941879540087593,-1.0425180310187259],[-11.371568813947802,-0.7838807811424944],[-11.205196638107266,-0.32638300036336465],[-11.16299853536864,0.19987474048949994],[-11.036837045196437,0.5017115317621859],[-10.951385030066199,0.8083737879306747],[-11.359673548848862,1.04993456502006],[-11.825113656678617,1.2056290208097908],[-12.330453153247369,1.584476711931896],[-12.37293043573594,1.626796745885413],[-12.38999684332503,1.6463818442776121],[-13.584142107953161,3.1172369923233783],[-14.021020438018944,3.563902229702859],[-15.280958423681339,5.454394040322699],[-15.329221054297594,5.477291517404629],[-16.298846780446247,6.649178501274958],[-16.912829759974095,7.4414928022839755],[-18.198473857343426,7.819101483426019],[-18.488874723655325,7.915850336525527],[-20.036537746106784,8.38389164120077],[-20.84260430683051,8.6463874018038],[-24.71456590915212,9.874570301516371],[-25.425402131771484,9.859854048973132]]]},"properties":{"fill":"#153477"}},{"type":"Feature","id":20,"geometry":{"type":"Polygon","coordinates":[[[31.611119795908767,2.889055505347288],[31.71988342221082,2.724596896234443],[31.739304871262657,2.7123636225955976],[32.1720048898969,2.4844534062344468],[32.27606223067624,2.338247621277281],[32.37105549687507,2.166135701165741],[32.650918662873,1.0374058777043516],[32.66708442462973,0.020280448012398367],[33.18467786366088,-0.17341617799053832],[33.237133176840516,-0.171162327922195],[34.083824303440394,0.10142183600283605],[34.72138240801755,0.24436588328473907],[35.95937612890763,1.0047569616451582],[35.98830543324241,1.0045896517835473],[36.91991302269205,1.5440937459087678],[37.72193069424363,1.9211902519048194],[37.8940094441585,1.9407275765447645],[38.177593696382424,1.9614571438952757],[38.63028495218789,2.0031310093618284],[39.66634975993575,2.120714167978256],[40.118241521989326,2.5873446185234217],[40.53526647910439,2.8710888895860083],[41.053307066475,3.427529314308943],[41.227664978669445,3.6048534089861137],[41.479521278774826,3.8791696994793137],[41.67292587810103,6.792745857018019],[41.68097999621607,7.569972066267308],[41.71758160979753,8.703787779646618],[41.77563123952741,10.990464250162665],[37.2464218041953,8.362925594608102],[36.89651805386356,8.088811888263582],[36.78295533523043,7.995856828457346],[36.273586855246684,7.711518950334032],[35.36446664071739,7.275119335031216],[35.22116545300655,6.924681099604372],[35.02463498147911,6.166609800818712],[34.751357606062655,5.6224975474971846],[34.211410064068524,5.280463170668243],[33.94483660124014,5.118693269743195],[33.344521780846215,4.717992306004395],[32.984847971217995,4.531090949134213],[32.952254877151404,4.523619374513352],[32.815339233783355,4.4838430965184],[32.66879273413413,4.430695663384501],[32.668709626072356,4.430485746453557],[32.480998100270845,3.8949417404447524],[32.48075398299119,3.8679145176607936],[32.45370172822258,3.753940466740307],[32.35446171957559,3.5612879776932513],[31.83652877289913,3.3260026633725865],[31.6415749471373,3.0278494490307817],[31.611119795908767,2.889055505347288]]]},"properties":{"fill":"#00529c"}},{"type":"Feature","id":21,"geometry":{"type":"Polygon","coordinates":[[[-69.66811939045249,13.652237061347316],[-69.24091009196842,13.263834351282842],[-68.78119185529273,12.858320329576891],[-68.22548387193277,12.51182964168667],[-67.92810992872758,12.43590774535128],[-67.47467781994277,12.305389092013101],[-67.43319010052673,12.29739094063504],[-67.34767873548789,12.29276742725532],[-66.83701413586294,12.215322873013003],[-66.8002707158878,12.134041178380539],[-66.3752357159161,11.6318622015153],[-66.36623301088238,11.626140991513827],[-66.31275771852529,11.522089659935402],[-66.21986618159005,11.40317064521556],[-66.19743034540907,11.316961321537429],[-66.18720033802165,11.26550283134727],[-66.19554489179517,11.08090519035851],[-66.04176971764447,10.941387133710185],[-65.9480117109447,10.930342028309244],[-65.78246050636487,10.959361032662814],[-65.78211070181548,10.959358892184772],[-65.73899216074683,10.99565086548464],[-65.59212888821915,11.056231731887484],[-65.53699169033852,11.106736168853864],[-65.34515868567013,11.1965697841811],[-65.29696547648155,11.229109748203038],[-65.11898168548902,11.387750793666138],[-65.04216053267822,11.438330635648525],[-64.91927339890191,11.413534005907419],[-63.287890016623884,10.955834045866215],[-62.50956111244898,11.156142948753345],[-61.748768556495584,11.95279278018295],[-61.671567197752196,12.106084330652163],[-60.59812541617493,14.299557490363728],[-59.732857784473296,15.328217635251926],[-59.28358355905237,15.87125633627541],[-61.89136344030801,16.949037932828176],[-63.031909047195974,17.420419384141873],[-64.09961158350818,18.196817403020038],[-64.36224407146574,17.846575465577196],[-65.25089691754665,16.322469126975435],[-65.30984645910456,16.241434830525197],[-66.07969219379028,15.046956146752192],[-66.16007875916068,14.988463624153688],[-66.32594573533089,14.843383793042106],[-66.37991501540299,14.592465062271337],[-66.53282669760094,14.428217302151184],[-66.68019055275496,14.508469587836148],[-66.68831405463877,14.514174807017973],[-66.75476294159056,14.523305243409327],[-66.81054920746567,14.556252174274233],[-66.98256569941232,14.572798670486119],[-67.04025321588206,14.563640481171564],[-67.50552671525618,14.4073635976772],[-68.12702024357742,14.082966123459547],[-68.48213815980735,14.034208797277078],[-69.35481778944101,13.731213968874556],[-69.66811939045249,13.652237061347316]]]},"properties":{"fill":"#00529c"}},{"type":"Feature","id":22,"geometry":{"type":"Polygon","coordinates":[[[-24.059703580991982,-9.430238733824378],[-22.346713463550913,-10.563667145418297],[-22.270812869235957,-10.553184512664984],[-21.254860162275754,-10.401972388269314],[-20.617559268982287,-10.328421693135397],[-20.510199026301407,-10.30790636653745],[-18.82103318257464,-10.1854891810313],[-18.68610466601701,-10.07743760568875],[-18.390142406057485,-9.76667636747846],[-18.223062006585668,-9.653801269861773],[-18.17115495748152,-9.620170780391593],[-17.479575650596384,-8.213703024050202],[-17.431982017075853,-8.12355593750686],[-17.279237479248472,-7.7222266257664876],[-17.297243970390454,-7.6643279429345545],[-16.98550171937245,-6.921359132423957],[-16.942942852364293,-6.841962104199121],[-16.365506355888513,-6.433814633275115],[-16.316833103202935,-6.271636329506035],[-16.28459548730483,-6.214249439548513],[-16.32210558570814,-5.478757685194792],[-16.42978908638557,-5.06671459050441],[-16.505889150564258,-4.293192761620966],[-16.564168001415695,-4.237960453236622],[-16.829137740963,-3.9641594607201016],[-16.87964217394322,-3.953757733616356],[-17.417122645382385,-4.105015961038177],[-17.427921413407134,-4.108776865890206],[-18.217132963136972,-4.010507644809839],[-18.35433289513419,-4.0051028681179925],[-18.817015373312298,-3.948318423748252],[-18.850652465158653,-3.9431051230768857],[-19.08956909074274,-3.958451746952473],[-19.51221829276534,-3.9552471241099267],[-20.338194110878355,-3.8573834719602895],[-20.85136918970212,-4.072888121512041],[-21.38033372817819,-4.49461188578984],[-21.475615825583052,-4.643746992650803],[-21.987442663158504,-5.215261617970527],[-22.037741856671794,-5.290923121030317],[-22.47242022707311,-5.915610602594285],[-22.530906914306218,-6.002883413989913],[-22.612341337478263,-6.268309917781505],[-22.928551044442006,-6.711786589861296],[-24.059703580991982,-9.430238733824378]]]},"properties":{"fill":"#37009c"}},{"type":"Feature","id":23,"geometry":{"type":"Polygon","coordinates":[[[-13.611855020697718,10.322245688751266],[-11.82728839490237,9.861653321054462],[-11.158171031213733,9.73599340745406],[-10.887326635408122,9.515446623190767],[-10.573968801117672,9.379476526777081],[-10.501706200043925,9.375835682624418],[-10.402926673292686,9.384764403904924],[-10.27881558209315,9.367233834369367],[-10.179004149154538,9.32916244548045],[-10.175928813143967,9.326914991965449],[-10.10509385762549,9.226266155751444],[-10.062373860895837,9.1812377006568],[-10.033746261173125,9.013352650975607],[-9.977845827198545,8.893768793273594],[-9.964490636781838,8.844039362866233],[-9.69208075354322,8.372790697804414],[-9.702810671836959,8.224854363723514],[-9.260988212674928,8.126961171986368],[-9.069318161523801,8.176190845552581],[-8.889399192594283,8.186500261484635],[-8.531701164672276,8.174511312058893],[-8.298458145643568,8.403415104262638],[-8.257591229530712,8.473918184352346],[-8.133609883699933,8.544242136747163],[-7.673321882125726,8.700947511515766],[-7.438557676429063,8.745918456770704],[-6.811711423724257,9.263345394607574],[-6.715505490955212,9.325575348259857],[-5.345221282994206,10.694468132019805],[-5.343476632494856,10.695937053371079],[-5.222171889352499,10.877793760432287],[-5.706673682045232,11.035848987415436],[-7.134948684560262,12.157972496891714],[-7.3396539535543885,12.42964439640985],[-7.60332565942251,12.689280730936373],[-7.8783176182740124,12.906166607014296],[-7.941551415615569,12.945564460976637],[-7.9824224584950745,13.000179241686407],[-8.427978486401612,13.225122299944488],[-8.46468965793504,13.157604456694962],[-8.737446118464392,12.78048561710073],[-8.736749658088433,12.777291282414678],[-8.736128336565855,12.615345413659583],[-9.194023509996173,12.615512211025298],[-9.201922810273098,12.620931249568013],[-9.348161781947923,12.657051728850098],[-9.438491703262246,12.65954687133478],[-9.840720334736933,12.39826180469639],[-9.88986586315932,12.33670450397988],[-10.011030086580325,12.392661800167549],[-10.229330136654442,12.533453823117325],[-10.40540649785297,12.58414616810043],[-10.605393093612326,12.564316206834283],[-10.778178810395623,12.584771222890016],[-11.047714461323487,12.497121020687144],[-11.64037103966147,12.05828586277046],[-11.777371874477268,11.92278356090852],[-11.945539599132358,11.816347407613613],[-12.22698896009366,11.69624903086674],[-12.973520303788455,11.252263140583203],[-13.312503667081147,10.91245638434699],[-13.390134067885024,10.695481465591525],[-13.611855020697718,10.322245688751266]]]},"properties":{"fill":"#153477"}},{"type":"Feature","id":24,"geometry":{"type":"Polygon","coordinates":[[[13.77276327642556,25.313143043159187],[14.093167844110543,23.526049704994126],[14.705684771374194,21.001957161109033],[15.08729284308461,19.369942015528366],[15.132705095875572,19.299810151926245],[16.936170074363705,19.117548070320883],[17.091384399095098,19.06343288978469],[17.119252530622628,19.052255479810793],[19.282736546831487,18.257453136723115],[19.881173337213216,18.137332240199026],[20.248519292572,17.95512223021109],[22.112592778841293,17.14749007523472],[22.116203633986224,17.146047178551942],[23.381858819149237,18.194847104807536],[23.48523255197449,18.23849148360308],[23.86083636822894,18.388322587427282],[26.377557168433253,19.518806114060805],[26.77239166894051,20.41264975513155],[28.11817900913473,23.35167254647544],[25.94581584953808,24.404199127732742],[24.345048620717833,25.179783104700814],[23.979773524579457,25.335509407409525],[22.450344403904293,25.909057538531194],[21.797963266834504,26.15370567350343],[20.9048474770894,26.393376440497633],[19.9661025393699,26.467236930972142],[19.019973510088686,26.371350447654756],[18.84011790685153,26.336654462561018],[18.831857547013474,26.33506095467663],[17.74831737869167,26.116189938120538],[15.424257422753783,25.64673861553481],[14.055991683369566,25.37035411032378],[13.77276327642556,25.313143043159187]]]},"properties":{"fill":"#516ebc"}},{"type":"Feature","id":25,"geometry":{"type":"Polygon","coordinates":[[[1.4439067755502357,22.105874968453946],[1.5598035739702314,21.11605176164663],[3.3133209647424477,19.474771553909747],[3.9691580885519637,18.833942618480123],[4.3161674554200165,18.516986648083908],[4.442890708806681,18.39995533524007],[4.8071574092661375,18.11307986571225],[5.479125861965361,17.66587456020441],[6.711220125289053,16.713440169245803],[8.238200796883117,14.482562641281943],[8.469250640357846,14.361647620393049],[8.477412285278376,14.357270289637732],[9.64507127909952,13.448415153848792],[9.679238765805735,13.42684395649087],[10.120674429065344,13.232059044310086],[10.374644153146429,13.146055892599076],[10.757082093093087,12.974723443615341],[10.964903463816224,12.796624996803667],[11.622081148137262,12.394706634498677],[13.044989941163085,11.4145736893178],[13.720155715592949,11.944662159815252],[16.225178175416485,13.724192739201106],[15.764778027695344,15.162177900302547],[15.343308119655884,16.71059792124804],[15.236799391174243,18.034193878265143],[15.199504561473454,18.23670570861241],[15.130112951061413,19.076683564667217],[15.132705095875572,19.299810151926245],[15.08729284308461,19.369942015528366],[14.705684771374194,21.001957161109033],[14.093167844110543,23.526049704994126],[13.77276327642556,25.313143043159187],[13.577136952470754,25.273627265488077],[10.417244056845638,24.635340849816924],[8.148069998767484,25.318307759645418],[7.899358207846259,25.3931640372759],[1.6434890597131493,27.276030450798384],[1.4439067755502357,22.105874968453946]]]},"properties":{"fill":"#153477"}},{"type":"Feature","id":26,"geometry":{"type":"Polygon","coordinates":[[[64.52668778794643,7.794080052791259],[64.80046059420842,6.79252000172022],[65.20615325455863,6.629132556250005],[65.6438510808135,6.414297021447247],[66.50180309469484,6.02288533568571],[66.925945680324,5.711901729828837],[67.2828166902911,5.692358832766014],[68.111605943374,5.547003494457931],[68.13760680023745,5.5412157634188715],[69.54352532176368,5.6110862729920825],[70.32124292847622,5.641492681768722],[71.83011589304446,5.7311566596618775],[72.7099183958099,5.8935558091461235],[73.4576555089006,6.042296114342203],[74.65046650605946,6.580725984116077],[75.97524082176768,7.4697794260709705],[76.13068908137245,7.6713408384426325],[73.60755826583761,9.299493206380326],[73.0230812979535,9.640318654198463],[72.79577794403319,9.719615514130878],[72.3377392573092,9.88588855386524],[72.02698335427438,9.936953630641714],[69.23134874244778,10.355408447902603],[69.14032648665908,10.36373868560012],[68.85015200932641,10.274757408959378],[67.75307964246332,10.099903748591574],[67.35920669924967,10.072846407637021],[67.08361663350013,10.094976382749515],[66.7810823963529,10.065954188681793],[66.75330173586177,10.06454921185872],[66.68387748319854,10.053276255599254],[66.66771803743796,10.051810421064232],[66.45650641756313,10.160301856040874],[66.23562987053485,10.258585655481495],[66.13747266646894,10.207654067338726],[65.86240944530226,10.08606915750962],[65.72389581511293,9.984626118210949],[65.67486740159974,9.929900382424695],[65.58186356007995,9.848386295661607],[65.54643020356946,9.803314567378534],[65.34361771848285,9.660013401550325],[65.2949995005366,9.524468594290685],[65.26392175409951,9.460727596372072],[65.22680171485304,9.356251078445498],[65.0534646081232,9.183955400435966],[65.04593173255768,8.763607302084607],[64.65457349335428,8.160049770693599],[64.52668778794643,7.794080052791259]]]},"properties":{"fill":"#153477"}},{"type":"Feature","id":27,"geometry":{"type":"Polygon","coordinates":[[[-60.99643278370973,2.4469347616358617],[-59.36750027547739,-2.3581602990855126],[-59.20398857610649,-2.377559096252912],[-59.051568380325115,-2.3956420130934446],[-57.614842415266516,-2.566093153216985],[-57.230979446103014,-2.611634113940457],[-56.49892962480495,-2.698483471230662],[-56.42500788584553,-2.7072534419780303],[-56.36567254986263,-2.7142929024693605],[-55.62637234379121,-2.8020024351729766],[-54.7678932568646,-2.9038511820444013],[-53.99526582097293,-2.995514610242479],[-53.57958745274379,0.9492219455963216],[-53.20905253105007,2.715584040357706],[-53.217397578886256,2.762105228230038],[-53.265765681786625,2.8762968291556112],[-53.447874263271686,3.035008823388561],[-53.77198360010596,3.019998520270788],[-53.77889578490165,3.0142008565341802],[-53.89618327586606,3.0260432456664628],[-54.0862508810692,3.127811653483929],[-54.36692139159704,3.3405965659530326],[-54.708070032846294,4.375921018681444],[-54.7538394231905,4.599306258266985],[-54.76581998325402,4.681520259892048],[-55.01642064378279,4.602901648618962],[-55.043791778310535,4.596064224531539],[-55.860919519127094,4.691226453824755],[-56.165711336838285,4.704241325591648],[-56.41609205448601,4.723007723615223],[-56.55105984513457,4.757811241607388],[-56.72016097431499,4.783496062281759],[-56.82348962487624,4.828004090433548],[-56.8546601466458,4.828296082375397],[-57.1855357185087,4.819580655198203],[-57.20288851882722,4.797501614169598],[-57.723604520452966,4.314468925423556],[-58.06791396904433,3.878087817556178],[-58.25705215007632,3.506671393823398],[-58.25594260640096,3.5008988056578683],[-58.3811452035606,3.320732361865548],[-58.422497086775486,3.255990856716019],[-58.86684661668177,2.92373023840244],[-59.16638716575515,2.864724616176227],[-59.37134205292534,2.8457443883839515],[-59.37686276709527,2.8477876459074634],[-59.462109120913404,2.8698163977490054],[-59.86800410317203,2.6775822917955],[-60.215653834597084,2.4724146097012203],[-60.3136911172266,2.443889468301757],[-60.5214400719533,2.4291196504238726],[-60.54500874885013,2.432255927198466],[-60.75644080595736,2.43884211593463],[-60.77124806889353,2.4383141704211218],[-60.817887091823984,2.4420577398842025],[-60.99643278370973,2.4469347616358617]]]},"properties":{"fill":"#153477"}},{"type":"Feature","id":28,"geometry":{"type":"Polygon","coordinates":[[[-52.32967512595259,12.997242855621026],[-52.087785850123346,6.645262369828891],[-52.08829576168138,6.562958408934575],[-51.94045229557981,6.397662605808549],[-51.72270076187232,6.338623984978022],[-51.03056028318706,6.11897002898063],[-50.2940055060541,5.826416913443128],[-49.07798082888042,4.893018774792022],[-48.97327954051957,4.879506284814453],[-48.850683323060856,4.774096492540481],[-48.69349432675467,4.757111109351689],[-48.68242952273393,4.7591668199669375],[-48.678131259759,4.7611275253940795],[-48.64660661269358,4.756666106238432],[-48.42934956384911,4.7802615504191035],[-48.10939909567412,4.905096906483591],[-48.05661933990974,4.8949913676674335],[-47.96837173531659,4.859434728077528],[-47.70055823174955,4.943852062390343],[-47.67873368997206,4.957749132021047],[-47.60677008173602,5.013583334139538],[-47.598134300917536,5.0211625073385315],[-47.57766583264448,5.035419421356511],[-47.49009587335414,5.1607235190403165],[-47.35618515424288,5.380526651456186],[-47.225630531938734,5.461230346304784],[-46.562754456453874,6.028064969296617],[-44.36205740740731,8.135245291583526],[-43.24694956634092,9.011265949888354],[-44.264007030468754,9.515677306656714],[-46.055358377516704,10.40410101454243],[-48.769026366925,11.525645604697923],[-49.84175058620474,11.968996836152106],[-52.266635271397384,12.97118881801711],[-52.32967512595259,12.997242855621026]]]},"properties":{"fill":"#153477"}},{"type":"Feature","id":29,"geometry":{"type":"Polygon","coordinates":[[[61.20541155695889,4.057419834785172],[61.22894536886973,3.863651025384308],[62.001901615760424,3.610016670051133],[62.06032982752275,3.5778059353264355],[62.1301045459709,3.499238852742954],[62.14847688804105,3.3158230256857473],[62.3181755637037,3.264665109163964],[62.386295934577696,3.2953577085231758],[62.41861884753738,3.34143849289923],[62.51962948627467,3.391703478416453],[62.59217258816542,3.40251762820476],[62.91280964613157,3.7130953057942326],[63.36900126382218,3.6745549541884532],[63.526900453507835,3.5707905551801655],[64.1268152726835,3.3690856071126536],[64.6069610356259,3.687292024786643],[64.60760929217003,3.6876103563904756],[64.84241677457365,3.766210861540534],[65.28412833697922,4.123635675192],[65.69860941413074,4.496671327852157],[65.79246782074775,4.57457894969945],[66.38598701031196,5.121687506505626],[66.925945680324,5.711901729828837],[66.50180309469484,6.02288533568571],[65.6438510808135,6.414297021447247],[65.20615325455863,6.629132556250005],[64.80046059420842,6.79252000172022],[64.44207440036247,6.723882018378855],[64.0905248684725,6.577294423605103],[64.08189679622475,6.574397781921176],[63.96691963631259,6.524684606037123],[63.572070328361896,6.2715358653520346],[63.14982116560414,6.1387787204460285],[62.661651399347264,6.022014835960228],[62.4121757165916,5.864478727478289],[62.06181814512488,5.6025076402559115],[61.99615672030081,5.309788369724258],[61.82471668838845,4.813895103966268],[61.72871960238569,4.756192358507246],[61.46441807547473,4.516472244856145],[61.33791042518293,4.365575231312301],[61.20541155695889,4.057419834785172]]]},"properties":{"fill":"#00529c"}},{"type":"Feature","id":30,"geometry":{"type":"Polygon","coordinates":[[[15.130112951061413,19.076683564667217],[15.199504561473454,18.23670570861241],[15.236799391174243,18.034193878265143],[15.343308119655884,16.71059792124804],[15.764778027695344,15.162177900302547],[16.225178175416485,13.724192739201106],[16.303306225713122,13.690563364317285],[18.043627924318738,12.837857939289158],[18.62687328555951,13.500920259529043],[19.423068409950442,14.30846978630428],[19.888632590769678,14.743070496124549],[19.950050961832215,14.778488091876644],[21.85622505714474,15.821869888100462],[21.997205922250455,16.50158920819068],[22.116203633986224,17.146047178551942],[22.112592778841293,17.14749007523472],[20.248519292572,17.95512223021109],[19.881173337213216,18.137332240199026],[19.282736546831487,18.257453136723115],[17.119252530622628,19.052255479810793],[17.091384399095098,19.06343288978469],[16.936170074363705,19.117548070320883],[15.132705095875572,19.299810151926245],[15.130112951061413,19.076683564667217]]]},"properties":{"fill":"#00529c"}},{"type":"Feature","id":31,"geometry":{"type":"Polygon","coordinates":[[[-57.53956072634838,7.723307403656792],[-57.202107194424606,6.733455088500606],[-57.11475516127902,6.305377343843669],[-56.90455331822313,5.617924918101033],[-56.88813033766351,5.479364564738187],[-56.81550898463187,5.13185718594714],[-56.82348962487624,4.828004090433548],[-56.72016097431499,4.783496062281759],[-56.55105984513457,4.757811241607388],[-56.41609205448601,4.723007723615223],[-56.165711336838285,4.704241325591648],[-55.860919519127094,4.691226453824755],[-55.043791778310535,4.596064224531539],[-55.01642064378279,4.602901648618962],[-54.76581998325402,4.681520259892048],[-54.35816927654933,5.024274019314752],[-54.24183772487235,5.0878715614047705],[-53.94355331611155,5.243329853343223],[-53.6596377899296,5.380172690233927],[-52.659105912739065,6.0304194245790175],[-52.08829576168138,6.562958408934575],[-52.087785850123346,6.645262369828891],[-52.32967512595259,12.997242855621026],[-52.99248019256925,13.271176674972912],[-54.88329095333669,10.871777725857552],[-56.02011581909139,9.50316769903931],[-56.899341506958606,8.466777418274939],[-57.35456022786701,8.008233012551777],[-57.50011130068258,7.9026454047582835],[-57.504794584756766,7.89908279604364],[-57.53956072634838,7.723307403656792]]]},"properties":{"fill":"#00529c"}},{"type":"Feature","id":32,"geometry":{"type":"Polygon","coordinates":[[[-72.76601500871048,14.476973756839373],[-69.66811939045249,13.652237061347316],[-69.35481778944101,13.731213968874556],[-68.48213815980735,14.034208797277078],[-68.12702024357742,14.082966123459547],[-67.50552671525618,14.4073635976772],[-67.04025321588206,14.563640481171564],[-66.98256569941232,14.572798670486119],[-66.81054920746567,14.556252174274233],[-66.75476294159056,14.523305243409327],[-66.68831405463877,14.514174807017973],[-66.68019055275496,14.508469587836148],[-66.53282669760094,14.428217302151184],[-66.37991501540299,14.592465062271337],[-66.32594573533089,14.843383793042106],[-66.16007875916068,14.988463624153688],[-66.07969219379028,15.046956146752192],[-65.30984645910456,16.241434830525197],[-65.25089691754665,16.322469126975435],[-64.36224407146574,17.846575465577196],[-64.09961158350818,18.196817403020038],[-64.1547410801024,18.23690575205154],[-64.4030074220202,18.42223833791163],[-65.11228557266696,18.859356976414933],[-65.16208945089596,18.87981914376417],[-65.91237850125752,19.1880790756154],[-66.77255940833804,19.397526867746965],[-67.6600803479918,19.481877156006206],[-68.48184976119627,19.443176419134048],[-68.54173398997239,19.440356207352718],[-69.38535850241071,19.2769527126168],[-69.45589960942483,19.257731399787037],[-70.28900434011238,18.95446069011727],[-71.01043457554898,18.534092592065786],[-71.48725338527728,18.109666920991476],[-71.5931309208021,18.01542327298518],[-72.01647531653137,17.420015782649635],[-72.04506061027821,17.367189561355218],[-72.32986285669719,16.553615403491985],[-72.51826133744531,15.656597861605123],[-72.76601500871048,14.476973756839373]]]},"properties":{"fill":"#516ebc"}},{"type":"Feature","id":33,"geometry":{"type":"Polygon","coordinates":[[[-62.77000436818925,2.9271770680829725],[-61.67185605698319,2.489049239752768],[-61.38080524170263,2.4996365797977793],[-60.99643278370973,2.4469347616358617],[-60.817887091823984,2.4420577398842025],[-60.77124806889353,2.4383141704211218],[-60.75644080595736,2.43884211593463],[-60.54500874885013,2.432255927198466],[-60.5214400719533,2.4291196504238726],[-60.3136911172266,2.443889468301757],[-60.215653834597084,2.4724146097012203],[-59.86800410317203,2.6775822917955],[-59.462109120913404,2.8698163977490054],[-59.72395331386028,3.4582478245940904],[-59.811285899780415,3.570641722655559],[-59.85665974163006,3.65532469396981],[-59.916742804293584,3.69676034306932],[-59.920678549508054,3.698103570778962],[-60.0156172556236,3.8305098525970283],[-60.261326621960976,4.0677198338308305],[-60.308047828668506,4.149716698399704],[-60.403899260926316,4.2812645332686206],[-60.43840191369666,4.364339461903303],[-60.71123981127056,4.2924275930265585],[-60.909616846202994,4.180048310841228],[-61.09720450632095,4.14634988208518],[-61.14289244245597,4.114462066113737],[-61.30090374270947,3.9656183348078566],[-61.736427808594094,3.7071456558637372],[-62.02621627655828,3.5523931513082005],[-62.600926616489886,3.266202557520855],[-62.77000436818925,2.9271770680829725]]]},"properties":{"fill":"#37009c"}},{"type":"Feature","id":34,"geometry":{"type":"Polygon","coordinates":[[[-46.561062074914666,-11.319356575903996],[-45.352153818026544,-13.182727344937005],[-44.124299107063145,-15.87186979679435],[-43.68439041922596,-16.835320208997942],[-42.61086523685705,-19.186463316785545],[-39.283515292122495,-17.725893732072315],[-36.8383060300744,-16.59628977424458],[-36.368931561587665,-16.297219403304958],[-37.999147752312105,-13.071291037132418],[-38.421914871479665,-12.339664436440247],[-38.72064926876273,-11.73948092176017],[-39.07023629418897,-11.410034804464908],[-39.42354197191827,-10.882900243710237],[-39.78099130391029,-10.602180085981582],[-40.24287455108356,-10.503768966127236],[-40.253961555494115,-10.50474167887956],[-40.45585403726578,-10.476922629317144],[-40.903756057829646,-10.497373370733463],[-40.91371644751515,-10.503437069674911],[-41.14202189072956,-10.523543491725523],[-41.31884095619399,-10.526887039077792],[-41.514835868747895,-10.514816032203193],[-42.143074325114966,-10.567605803602964],[-44.74930783830604,-11.019667042519766],[-46.561062074914666,-11.319356575903996]]]},"properties":{"fill":"#516ebc"}},{"type":"Feature","id":35,"geometry":{"type":"Polygon","coordinates":[[[15.95558477003663,-7.10396675397395],[21.585527157492546,-2.6026340960542127],[21.878270644227808,-2.3938540862233655],[22.13224985591013,-2.1779495646689084],[22.30283333871636,-2.053643308181704],[22.588570804430713,-1.9139676294332955],[22.821388375361778,-1.8334087831838595],[22.953384770613173,-1.772564000169006],[23.096624178198926,-1.4206721073494037],[23.142244293116658,-1.3283112315327785],[22.987040432569263,1.4635946737507792],[22.607362369577345,1.8553205778292527],[22.190022413634555,2.0056062617360695],[22.031870928928328,1.8858725758729555],[21.764628152014016,1.7182975608255706],[20.651198215406847,1.064747908607579],[20.437947352615453,0.9241886278947142],[20.229374742590316,0.7508494631276719],[19.71257915924699,0.40343873507911],[19.394134803869882,0.0867979952282929],[19.339670693744797,0.027225291145779318],[16.18398288126109,-3.208967204713862],[16.179532026850964,-3.345640560490775],[16.098551990642626,-5.185168479469212],[15.95558477003663,-7.10396675397395]]]},"properties":{"fill":"#00529c"}},{"type":"Feature","id":36,"geometry":{"type":"Polygon","coordinates":[[[16.179486715276,-3.1969481599712104],[16.18398288126109,-3.208967204713862],[19.339670693744797,0.027225291145779318],[19.394134803869882,0.0867979952282929],[19.71257915924699,0.40343873507911],[20.229374742590316,0.7508494631276719],[20.437947352615453,0.9241886278947142],[20.651198215406847,1.064747908607579],[21.764628152014016,1.7182975608255706],[22.031870928928328,1.8858725758729555],[22.190022413634555,2.0056062617360695],[21.60769006253389,3.59892464785847],[19.37397732237355,3.3047014019139285],[18.917562561325628,3.3200490919367285],[18.745518978308603,3.417654279546364],[18.483914944251776,3.547689427364989],[18.34431090580051,3.48229816260597],[18.101975547304647,3.31947229706539],[17.89108843420201,2.9525910771767925],[17.757658521672365,2.8507997273310623],[17.67662132072989,2.823111654666032],[17.412247507583054,2.7533643109176578],[17.050724366800143,2.473511590451959],[16.984268134204502,2.3998779229860396],[16.696199508329038,1.145854500529645],[16.69669908090812,1.121989481150539],[16.536216214014377,0.14317050597427894],[16.416478877288696,-1.063271950056572],[16.191578871260543,-3.0946541098632263],[16.179486715276,-3.1969481599712104]]]},"properties":{"fill":"#37009c"}},{"type":"Feature","id":37,"geometry":{"type":"Polygon","coordinates":[[[-15.753352584649942,-28.832004280133432],[-15.711248122969094,-29.387669434939387],[-15.684922117901372,-30.5081605214774],[-15.672099724293574,-30.64589217701751],[-15.063730875185655,-31.73161595971503],[-14.89934138358479,-31.948526145848767],[-14.814438841479362,-32.094516356098815],[-14.554568606326233,-32.34089088871143],[-14.420552516021594,-32.43855835926455],[-13.294699179819904,-33.202428498796415],[-12.878948283939234,-33.51664203130943],[-12.62027888280377,-33.70367521928725],[-11.884853643080746,-34.21624365439363],[-11.722808828636914,-34.345056570924164],[-11.703152443920802,-34.35546571776604],[-9.728325515343933,-35.55055160476311],[-8.315363813337274,-33.095512019395755],[-7.982229571960015,-32.313365650196694],[-7.8197278309292315,-31.49405893229296],[-7.830357716893007,-30.666153362352876],[-8.010649210884715,-29.858247273100332],[-10.060805627071192,-23.530263197460783],[-10.388280207565241,-22.519484744567073],[-12.333226751693445,-23.03592309287068],[-12.939028176773416,-24.079439007098998],[-14.840160675576838,-27.30099805405662],[-15.272007141159492,-28.014278601067527],[-15.449243790301983,-28.322331166115426],[-15.753352584649942,-28.832004280133432]]]},"properties":{"fill":"#00529c"}},{"type":"Feature","id":38,"geometry":{"type":"Polygon","coordinates":[[[84.63486939698075,-5.112915061698015],[84.6490606159096,-5.274140670905202],[84.69442474950193,-5.424205657600562],[84.71491415512205,-5.56555403405682],[84.72352386309086,-5.7772439493439265],[84.737118289309,-5.911346301121471],[84.83870139332053,-7.544404605133182],[85.11561385495513,-8.341118603599217],[85.33104138222527,-9.032980057077332],[85.38696531731745,-9.018718071003446],[86.0755734403954,-8.843105974939148],[86.68243095988724,-8.688342303935693],[88.18293673978077,-8.30567623257733],[89.07244163454016,-8.008978422996494],[89.84013974765674,-7.59943540838987],[90.45188900670331,-7.098656007415394],[90.83317820485577,-6.733783304744391],[88.57040918397873,-4.564501782283685],[88.4394612151986,-4.450956943116097],[87.47077155322171,-4.667130484244435],[86.75542018161646,-4.783059627390323],[86.46899388901734,-4.809399076766238],[86.41985010658912,-4.825883929134248],[86.29787110782479,-4.877123147939791],[86.28263912483816,-4.875992219436989],[86.08302079659927,-4.877702089332006],[85.96747959955259,-4.847612569484505],[85.88526421831513,-4.838639460275678],[85.78465486784928,-4.871631318375859],[85.64403935449339,-4.900761351221919],[85.3743274174056,-4.754933897899151],[85.34306876482664,-4.753066233375042],[85.19733673618482,-4.77322587939474],[85.16295308895135,-4.785283028079491],[84.74076399954544,-4.998313960095647],[84.6348785858457,-5.110160728647296],[84.63486939698075,-5.112915061698015]]]},"properties":{"fill":"#516ebc"}},{"type":"Feature","id":39,"geometry":{"type":"Polygon","coordinates":[[[-53.828603205432415,-3.0152872276557754],[-53.00508806247011,-3.112987901577403],[-51.791758766607956,-3.2569355762590955],[-49.105581688818916,-7.3973191154392754],[-46.78940283492067,-5.540385374272579],[-46.12367187957318,-5.024918577579067],[-45.64733026433833,-4.660339335340779],[-45.35535751851111,-4.409350410560654],[-44.81601207616936,-3.940266510678014],[-44.87920163442912,-3.7191591501742596],[-44.912355605484606,-3.626366906641738],[-45.42946160585914,-2.2963282592111978],[-45.488515661690926,-2.165451775017585],[-46.275568358359585,-0.9276298372787166],[-46.60446266574861,-0.45727776812630017],[-47.184432957701716,0.2054013310937155],[-47.38325203647761,0.43990204103242647],[-48.016593931385664,1.288126376635749],[-48.15663710290423,1.3329836062887994],[-48.29248051953319,1.3858491881906407],[-48.41901788465653,1.4843120330475459],[-48.55843964494206,1.562458125379474],[-48.63437503070347,1.6093602567206011],[-48.97493571347255,1.7151828386578458],[-49.252232507302445,1.5022998866561679],[-49.31606244042324,1.3633185479296173],[-49.401311052228884,1.293904179276964],[-49.5002477976315,1.1329695082915912],[-49.642118978541475,1.0558656009869984],[-49.930131824369525,0.9939519444103881],[-51.43252417238174,0.31172794410419447],[-52.23966886176798,-0.2098915216180408],[-53.81048985500364,-2.985104144506855],[-53.828603205432415,-3.0152872276557754]]]},"properties":{"fill":"#00529c"}},{"type":"Feature","id":40,"geometry":{"type":"Polygon","coordinates":[[[-24.71456590915212,9.874570301516371],[-20.84260430683051,8.6463874018038],[-20.036537746106784,8.38389164120077],[-18.488874723655325,7.915850336525527],[-18.198473857343426,7.819101483426019],[-16.912829759974095,7.4414928022839755],[-16.542242221364866,7.737980051325658],[-15.061618256287822,8.890824754912579],[-15.041933233200652,8.905107704276576],[-13.611855020697718,10.322245688751266],[-13.390134067885024,10.695481465591525],[-13.312503667081147,10.91245638434699],[-13.585274274873873,11.900794840142712],[-13.616906564624964,12.071333030182105],[-13.743161980232596,12.568276550323906],[-14.148728531922144,13.279590443514477],[-14.40266196467985,13.553309295078387],[-14.431685466055765,13.611073491686465],[-14.574061015786555,13.729357499528625],[-15.098003343010584,13.973239273600928],[-15.199640065471959,14.057506968498378],[-15.387533760634367,14.13931361796084],[-15.697203045934858,14.438732966529978],[-15.793410509768362,14.497073248497788],[-16.261435349641413,14.65143764891809],[-18.275976236005597,15.053577760949397],[-18.515860553345934,14.914050605224535],[-19.264719548021326,14.304715601321623],[-20.570620297140636,13.291218591054339],[-24.39309312678589,10.133179609792997],[-24.71456590915212,9.874570301516371]]]},"properties":{"fill":"#37009c"}},{"type":"Feature","id":41,"geometry":{"type":"Polygon","coordinates":[[[-8.084411296805028,-1.327326865830619],[-8.04400964411713,-1.5979056899975501],[-8.009500539141523,-1.7089868857181123],[-7.960431553626746,-2.213792471335764],[-7.868458298661324,-2.3366968522868263],[-7.81291368417839,-2.4653201993985014],[-7.814312820342785,-2.530173832164183],[-7.79584333462982,-2.5982745294489926],[-7.695741735299035,-2.7473807752690873],[-7.645285523484438,-2.841248238526125],[-7.630362281256005,-2.906767361766972],[-7.576714208763783,-2.994524864219023],[-7.519038734216611,-3.050072393231281],[-7.225165295754422,-3.400986262326369],[-5.785971215506658,-5.403809366535801],[-3.034829031739674,-8.235923993529662],[-3.110513865947145,-7.943928125541747],[-3.3533850043101547,-7.18268172058972],[-4.024530840662985,-4.903568233762881],[-4.762951161345103,-3.204190946692212],[-4.869709886097139,-3.044335213544046],[-5.41550202207532,-2.3406705148763978],[-5.495381157160321,-2.1951796983559744],[-6.384627775383674,-1.205465453956453],[-6.650785787056176,-1.0229106061915663],[-6.802843829243107,-0.8625717897935348],[-6.989793045194682,-0.7020024340037994],[-7.119637099995989,-0.6030934945029396],[-7.549778193737679,-0.433213151135591],[-7.823013796951718,-0.3855779372914392],[-7.971944696145723,-0.8811876898364147],[-8.084411296805028,-1.327326865830619]]]},"properties":{"fill":"#153477"}},{"type":"Feature","id":42,"geometry":{"type":"Polygon","coordinates":[[[-15.041933233200652,8.905107704276576],[-11.684431059384314,8.395387818810176],[-11.56321981029246,8.364395599585475],[-11.432753444074415,8.322404729490438],[-11.19305472291422,8.258808480752261],[-10.909060736553599,8.159077740806481],[-10.7638576534855,8.07444707293617],[-10.374539926600262,7.874963426174217],[-10.230119253496053,7.765827787880972],[-10.142685851642408,7.855031105884216],[-9.702810671836959,8.224854363723514],[-9.69208075354322,8.372790697804414],[-9.964490636781838,8.844039362866233],[-9.977845827198545,8.893768793273594],[-10.033746261173125,9.013352650975607],[-10.062373860895837,9.1812377006568],[-10.10509385762549,9.226266155751444],[-10.175928813143967,9.326914991965449],[-10.179004149154538,9.32916244548045],[-10.27881558209315,9.367233834369367],[-10.402926673292686,9.384764403904924],[-10.501706200043925,9.375835682624418],[-10.573968801117672,9.379476526777081],[-10.887326635408122,9.515446623190767],[-11.158171031213733,9.73599340745406],[-11.82728839490237,9.861653321054462],[-13.611855020697718,10.322245688751266],[-15.041933233200652,8.905107704276576]]]},"properties":{"fill":"#00529c"}},{"type":"Feature","id":43,"geometry":{"type":"Polygon","coordinates":[[[41.479521278774826,3.8791696994793137],[42.30427336864779,3.3971135516250137],[42.8849164720558,3.080829665339249],[43.487828434359876,3.1554728703599597],[44.541473425391295,3.206220827007491],[44.93546162251795,3.071518903653175],[44.95224493871317,3.0732522469793597],[45.289331395460216,3.070279413256919],[45.8842395919552,3.552677867379133],[46.30167373410622,4.091434354599243],[46.307409595957076,4.27593257065113],[46.31389907335713,4.333596188646871],[46.334249350495725,4.457050617164172],[46.72672694269633,5.620705786888441],[46.95349369996277,6.06752098073355],[46.949242672493796,6.107171864766492],[46.86679539893658,6.752109515404817],[46.78138704452635,7.13243931537202],[45.18166395517847,10.894959343650454],[43.31604709644175,13.456281135864199],[41.77563123952741,10.990464250162665],[41.71758160979753,8.703787779646618],[41.68097999621607,7.569972066267308],[41.67292587810103,6.792745857018019],[41.479521278774826,3.8791696994793137]]]},"properties":{"fill":"#37009c"}},{"type":"Feature","id":44,"geometry":{"type":"Polygon","coordinates":[[[17.89133582175253,4.653950480796858],[17.976943517568774,4.564824701759213],[18.05458290114827,4.528960018494246],[18.324175210059916,4.2175368280613155],[18.33749840427453,4.190519524997637],[18.344249384473134,4.170685560188505],[18.344359194691187,4.164490342892011],[18.491714477058594,3.630554025324684],[18.483914944251776,3.547689427364989],[18.745518978308603,3.417654279546364],[18.917562561325628,3.3200490919367285],[19.37397732237355,3.3047014019139285],[21.60769006253389,3.59892464785847],[21.56414745729405,4.167554375496494],[20.79112368810605,5.29864205608945],[20.724204676444266,5.428231260319314],[20.673167822846594,5.53773776330903],[20.401486653990233,6.143033394325885],[20.2840768998813,6.396076751960276],[19.861772471353824,6.11147707094313],[19.100981685383037,5.55164746849068],[18.75837180168557,5.3194689042021945],[18.655661271797715,5.278146139649226],[18.483335503152833,5.234485826865908],[18.41936724947373,5.206677563265806],[18.251663885856665,5.163137199529146],[18.036285993306006,5.012176903370424],[17.98103644755615,4.915552552637531],[17.97032020526539,4.901031595382233],[17.89133582175253,4.653950480796858]]]},"properties":{"fill":"#00529c"}},{"type":"Feature","id":45,"geometry":{"type":"Polygon","coordinates":[[[-24.630152917108056,-41.36787356160237],[-24.611238649939693,-41.398539519306425],[-24.441329952246686,-41.57099613028054],[-24.344614765483662,-41.637465766972625],[-24.20490742613098,-41.58193397887334],[-24.08603680832696,-41.59076550921051],[-24.05811181927682,-41.580066997042636],[-23.937675982469557,-41.58017595257322],[-23.888025804804826,-41.591892878877545],[-22.50245962552298,-42.23757182906987],[-22.437444556391934,-42.25309652292232],[-22.23345440288694,-42.297213933670974],[-21.353993226537977,-42.53230479967551],[-16.49931893659302,-42.92182697545515],[-16.082313802869674,-42.51142998711223],[-16.159430061874236,-42.41065763909948],[-16.880025177044505,-41.4605120185031],[-17.443613909901202,-40.84051328523054],[-19.29972764936656,-39.19881423672627],[-21.04522822776149,-37.63269462777965],[-21.60529808396681,-37.3144149565851],[-21.88551716398072,-37.39174310094081],[-23.181039418840452,-39.49909722486321],[-24.086687873660892,-40.81676394374898],[-24.10169181966298,-40.83455881490645],[-24.135980772651898,-40.868696298137365],[-24.182961565321428,-40.89306267984047],[-24.303600109702295,-40.96920176247641],[-24.35702548394926,-41.03177836858747],[-24.362191483126495,-41.041662784414044],[-24.54355147314752,-41.22613455690978],[-24.553109725214657,-41.23832461316262],[-24.613355856353866,-41.28732119741396],[-24.630152917108056,-41.36787356160237]]]},"properties":{"fill":"#00529c"}},{"type":"Feature","id":46,"geometry":{"type":"Polygon","coordinates":[[[-93.5403760095823,0.10509650306057546],[-91.77259547349117,-0.7069499949142817],[-89.88315600291848,-1.471503178895402],[-89.76378850963835,-1.479247837945384],[-89.61039196521234,-1.527526225572839],[-89.5686223219176,-1.5338752596717797],[-89.37711877595046,-1.6064565872266774],[-89.16158083493356,-1.6232357611061452],[-89.09364486893926,-1.453986646487735],[-89.07313335642847,-1.4293009019590075],[-88.9279772456022,-1.3740171557065541],[-88.90896054840064,-1.3752025045634324],[-88.89102399510917,-1.366380844091349],[-88.6802075282893,-1.1343099553454135],[-88.60420930548553,-1.0268363544889871],[-88.36529268564175,-0.7694902497012832],[-88.35837031972646,-0.7375723362392791],[-88.33764234235564,-0.6236683107700218],[-88.29777109682504,-0.49099971181672375],[-87.73721353636711,1.861680847642921],[-88.85521867746165,1.8846299192017644],[-89.56027313727105,1.8620464414843896],[-89.72420779825013,1.840166308929679],[-90.25118509514328,1.7698313776803567],[-90.62052488508974,1.7015344022039758],[-91.50239886495325,1.4748662300675945],[-92.29113383687726,1.1419315259569074],[-92.95422145216077,0.7193169649733256],[-93.46505888552271,0.22600835224619523],[-93.5403760095823,0.10509650306057546]]]},"properties":{"fill":"#516ebc"}},{"type":"Feature","id":47,"geometry":{"type":"Polygon","coordinates":[[[-59.85665974163006,3.65532469396981],[-59.811285899780415,3.570641722655559],[-59.72395331386028,3.4582478245940904],[-59.462109120913404,2.8698163977490054],[-59.37686276709527,2.8477876459074634],[-59.37134205292534,2.8457443883839515],[-59.16638716575515,2.864724616176227],[-58.86684661668177,2.92373023840244],[-58.422497086775486,3.255990856716019],[-58.3811452035606,3.320732361865548],[-58.25594260640096,3.5008988056578683],[-58.25705215007632,3.506671393823398],[-58.708464239139936,3.947551168811464],[-58.72548221950268,3.9587931829274075],[-58.80106177008414,4.0576235618851975],[-58.86626718182943,4.1544989982904585],[-58.901902009969234,4.1912177726600826],[-59.29199775183144,4.139941246581011],[-59.308827246002885,4.1559565965408165],[-59.47249965171059,4.197651274650625],[-59.55568189615763,4.158589747044579],[-59.57487721002844,4.068457752107188],[-59.56768120019086,3.9430898103295364],[-59.6509219753212,3.8421806538298116],[-59.85665974163006,3.65532469396981]]]},"properties":{"fill":"#00529c"}},{"type":"Feature","id":48,"geometry":{"type":"Polygon","coordinates":[[[-34.88807260411592,45.62705232309635],[-34.74834476725745,44.64132653113901],[-33.614191268998205,37.07917862921571],[-33.108780681023255,33.70927356492699],[-31.119419878490575,33.911481361445794],[-28.875611515510098,34.18181382263833],[-25.870774646867524,34.51943235843079],[-25.265076922164386,34.86471640548977],[-18.41059049040382,38.97950538309142],[-18.298502684071398,39.04619307582634],[-17.609919501495433,39.4621518490093],[-17.513049744926015,39.522156130621234],[-23.473308358781537,46.386317687123245],[-24.404430077471584,47.45864865796377],[-24.460526869780306,47.507800155344796],[-25.331408492559078,48.14005641219183],[-25.83202087712092,48.389590054051816],[-26.353770749474723,48.649659820209074],[-27.4852777389991,49.016432863508086],[-28.676593036928267,49.22643307736867],[-29.874495488419964,49.27259952453175],[-31.025563430445402,49.154935106422926],[-31.194427556419605,49.11093519489234],[-32.07988111752806,48.88021787628811],[-32.99420860133237,48.461310128824415],[-33.13655977628776,48.378185022080295],[-33.81388650757165,47.88902678179166],[-34.30883156523279,47.33587105646969],[-34.329676473962444,47.312574570467575],[-34.6723671352445,46.6671123543414],[-34.70767326745024,46.573506242186006],[-34.88807260411592,45.62705232309635]]]},"properties":{"fill":"#516ebc"}},{"type":"Feature","id":49,"geometry":{"type":"Polygon","coordinates":[[[23.29766518956615,-3.4306420449928416],[23.502127862065908,-4.6718232941190845],[23.601327497557524,-6.37301859199818],[24.39034154334494,-3.376485965179895],[24.506463306001955,-3.2147565900502806],[24.527589050394514,-3.1931343670175045],[24.55967045550752,-3.1772951630737905],[24.68531916787834,-3.044051016102043],[24.701166745781062,-2.952323761584763],[24.624347057681227,-2.724600771368142],[24.567251578590728,-2.6764892627739427],[24.405693162802983,-2.6478543065988718],[24.358662472290924,-2.620086732857002],[24.245993931966424,-2.52366678798488],[23.932621685733373,-2.4578989822887842],[23.868935656965544,-2.4326621444824674],[23.866749828045364,-2.4324793083348872],[23.72743671694303,-2.40444327251654],[23.378616799487695,-2.2698925363278537],[23.299046256914288,-3.200336065676211],[23.29766518956615,-3.4306420449928416]]]},"properties":{"fill":"#00529c"}},{"type":"Feature","id":50,"geometry":{"type":"Polygon","coordinates":[[[-24.968136694226782,-40.833131860239725],[-24.859534665633454,-41.08191235103],[-24.77725219413398,-41.126197887641815],[-24.73053981109782,-41.16541566026458],[-24.613355856353866,-41.28732119741396],[-24.553109725214657,-41.23832461316262],[-24.54355147314752,-41.22613455690978],[-24.362191483126495,-41.041662784414044],[-24.35702548394926,-41.03177836858747],[-24.303600109702295,-40.96920176247641],[-24.182961565321428,-40.89306267984047],[-24.135980772651898,-40.868696298137365],[-24.10169181966298,-40.83455881490645],[-24.086687873660892,-40.81676394374898],[-23.181039418840452,-39.49909722486321],[-21.88551716398072,-37.39174310094081],[-23.7390207307363,-37.71268809219066],[-24.45429853521151,-38.990283171606904],[-24.591698058159675,-39.2234036590955],[-24.776748848995084,-39.811625315614926],[-24.82985777788487,-40.031525662620474],[-24.8733865973231,-40.1870756943082],[-24.884419947674818,-40.22102808753779],[-24.898743324778895,-40.43382439534445],[-24.896144719499176,-40.63293170677091],[-24.968136694226782,-40.833131860239725]]]},"properties":{"fill":"#37009c"}},{"type":"Feature","id":51,"geometry":{"type":"Polygon","coordinates":[[[-26.529573005078106,-5.99101670996619],[-26.365392440799006,-6.925422793689902],[-26.190631655056198,-7.62207367130745],[-26.12886735971258,-7.970504772029784],[-25.787613225311663,-9.691940704043663],[-25.013523504256145,-9.582698235007372],[-24.059703580991982,-9.430238733824378],[-22.928551044442006,-6.711786589861296],[-24.799918882383693,-5.32798749956764],[-24.80859777375708,-5.320198889750779],[-25.321476025604518,-5.142922824217361],[-25.431929602557364,-5.089992284885269],[-25.509280546325744,-5.107953240971691],[-25.524409520630005,-5.1162700778253],[-25.712889131204438,-5.182278883359162],[-25.804349063771088,-5.198945895668948],[-26.03389399990237,-5.329667087702769],[-26.048297988436847,-5.349340787275264],[-26.319740194343048,-5.656416001210845],[-26.37740667195364,-5.715138821568553],[-26.529573005078106,-5.99101670996619]]]},"properties":{"fill":"#00529c"}},{"type":"Feature","id":52,"geometry":{"type":"Polygon","coordinates":[[[-23.4191663295837,-3.020239753877696],[-23.399261533166,-3.0326506482429667],[-23.107836258174054,-3.0614138810367204],[-23.01234753992617,-3.0405154416893945],[-22.929673159196106,-3.0421785140424147],[-22.19240654660178,-3.259475332068449],[-22.215543557932435,-3.1889653921978702],[-22.526701096213497,-2.8907961923279486],[-22.599399393270055,-2.8019676430790046],[-22.792186853912206,-2.6622784160642072],[-22.813249738513775,-2.663281354231169],[-22.818750411508503,-2.6617712097193147],[-22.87365634148711,-2.6304966026857888],[-22.962118645911794,-2.6433220730536187],[-23.02641821835763,-2.5912136734048326],[-23.046798139918618,-2.6656336007193984],[-23.158857436705446,-2.68449011258942],[-23.17634156818239,-2.693445105033367],[-23.182550504524695,-2.758535470750639],[-23.207618355704874,-2.806300440520801],[-23.4191663295837,-3.020239753877696]]]},"properties":{"fill":"#00529c"}},{"type":"Feature","id":53,"geometry":{"type":"Polygon","coordinates":[[[15.361106707059133,-9.954689422033645],[18.91320470744548,-9.447562492495438],[19.62347687995259,-9.267576376906458],[20.716153910952094,-9.011737116332936],[23.503171256111077,-8.039944671761688],[23.601327497557524,-6.37301859199818],[23.502127862065908,-4.6718232941190845],[23.29766518956615,-3.4306420449928416],[23.299046256914288,-3.200336065676211],[23.378616799487695,-2.2698925363278537],[22.953384770613173,-1.772564000169006],[22.821388375361778,-1.8334087831838595],[22.588570804430713,-1.9139676294332955],[22.30283333871636,-2.053643308181704],[22.13224985591013,-2.1779495646689084],[21.878270644227808,-2.3938540862233655],[21.585527157492546,-2.6026340960542127],[15.95558477003663,-7.10396675397395],[15.361106707059133,-9.954689422033645]]]},"properties":{"fill":"#153477"}},{"type":"Feature","id":54,"geometry":{"type":"Polygon","coordinates":[[[-19.22793176588383,-18.638762743151407],[-19.115638771927408,-19.085874301981335],[-17.85727064264417,-20.65366999212937],[-17.731004423208,-20.806721210421557],[-16.385783425259028,-22.492712902016034],[-14.912615188152781,-22.692401160997413],[-14.75839291434923,-22.71000548090604],[-14.093895822723237,-22.788701143308483],[-12.333226751693445,-23.03592309287068],[-10.388280207565241,-22.519484744567073],[-12.048466942883131,-17.395175623206818],[-10.891854308756766,-15.830210587126436],[-11.913421049956808,-15.530754833828071],[-12.417707628432368,-15.396081250708498],[-15.381896088233223,-14.908404792912862],[-16.00235535766064,-14.908676019652999],[-17.44675923790393,-15.55918937882044],[-17.449886950474884,-15.56004393259691],[-17.618464886397117,-15.600040610866776],[-18.37403272664178,-15.93195395406903],[-18.485820037906542,-15.992802603407064],[-18.620347838319272,-16.14574370060217],[-18.783025737809826,-16.360152271517517],[-18.90871651397993,-16.51807575865203],[-18.93640289349846,-16.55098798750733],[-19.05820496929413,-16.994044136415404],[-19.154554931763794,-17.60907414252939],[-19.22793176588383,-18.638762743151407]]]},"properties":{"fill":"#153477"}},{"type":"Feature","id":55,"geometry":{"type":"Polygon","coordinates":[[[57.0253037529074,-5.4315584022602925],[57.150896997995936,-5.858203277041512],[57.98098342039378,-7.591531401485788],[61.80869265240375,-5.7431678276260945],[62.136268729883284,-2.3152118743763674],[62.17776262848024,-1.9197111487815617],[62.195587887973495,-1.4125592690017124],[62.21122729973786,-0.29370208992740165],[61.77874888691227,0.1462828350390737],[61.21248786866571,0.6919348164643071],[60.79936869858242,0.6936365839655707],[60.620710322369234,0.7098455136127126],[60.25562384463232,0.7679951643629239],[60.07503891452948,0.6865213123281951],[59.96167884828307,0.6644467817913331],[59.94528568865097,0.6642104941554967],[59.917715307384604,0.6534213369317843],[59.3141978241256,0.21144321787544917],[58.84959059714963,-0.40391663013555157],[58.78937695093199,-0.48785102517802326],[58.581054444691404,-1.1487128276778829],[57.0253037529074,-5.4315584022602925]]]},"properties":{"fill":"#00529c"}}]}